-- phpMyAdmin SQL Dump
-- version 4.9.5deb2
-- https://www.phpmyadmin.net/
--
-- Host: localhost:3306
-- Generation Time: Apr 01, 2022 at 03:17 PM
-- Server version: 8.0.27-0ubuntu0.20.04.1
-- PHP Version: 7.4.3

SET SQL_MODE = "NO_AUTO_VALUE_ON_ZERO";
SET AUTOCOMMIT = 0;
START TRANSACTION;
SET time_zone = "+00:00";


/*!40101 SET @OLD_CHARACTER_SET_CLIENT=@@CHARACTER_SET_CLIENT */;
/*!40101 SET @OLD_CHARACTER_SET_RESULTS=@@CHARACTER_SET_RESULTS */;
/*!40101 SET @OLD_COLLATION_CONNECTION=@@COLLATION_CONNECTION */;
/*!40101 SET NAMES utf8mb4 */;

--
-- Database: `2021_comp10120_z7`
--

-- --------------------------------------------------------

--
-- Table structure for table `chat_log`
--

CREATE TABLE `chat_log` (
  `chat_id` int NOT NULL,
  `user_id` int NOT NULL,
  `topic_id` int NOT NULL,
  `log_date` datetime NOT NULL DEFAULT CURRENT_TIMESTAMP,
  `text_content` varchar(1023) DEFAULT NULL,
  `reply_to` int DEFAULT NULL
) ENGINE=InnoDB DEFAULT CHARSET=utf8mb4 COLLATE=utf8mb4_0900_ai_ci;

--
-- Dumping data for table `chat_log`
--

INSERT INTO `chat_log` (`chat_id`, `user_id`, `topic_id`, `log_date`, `text_content`, `reply_to`) VALUES
(1, 18, 3, '2022-04-01 14:19:06', 'hello', NULL),
(2, 18, 2, '2022-04-01 14:19:12', 'hry', NULL),
(3, 18, 1, '2022-04-01 14:19:17', 'yo', NULL),
(4, 18, 1, '2022-04-01 14:22:43', 'yo', NULL),
(5, 18, 1, '2022-04-01 14:23:56', 'yo', NULL),
(6, 18, 1, '2022-04-01 14:24:32', 'yo', NULL),
(7, 18, 1, '2022-04-01 14:24:51', 'yo', NULL),
(8, 18, 1, '2022-04-01 14:25:05', 'yo', NULL),
(9, 18, 1, '2022-04-01 14:26:21', 'yo', NULL),
(10, 18, 1, '2022-04-01 14:29:01', 'yo', NULL),
(11, 18, 1, '2022-04-01 14:29:35', 'yo', NULL),
(12, 18, 1, '2022-04-01 14:29:50', 'yo', NULL),
(13, 18, 1, '2022-04-01 14:31:33', 'yo', NULL);

-- --------------------------------------------------------

--
-- Table structure for table `topics`
--

CREATE TABLE `topics` (
  `topic_id` int NOT NULL,
  `topic_name` varchar(50) CHARACTER SET utf8mb4 COLLATE utf8mb4_0900_ai_ci NOT NULL,
  `date_created` datetime NOT NULL DEFAULT CURRENT_TIMESTAMP
) ENGINE=InnoDB DEFAULT CHARSET=utf8mb4 COLLATE=utf8mb4_0900_ai_ci;

--
-- Dumping data for table `topics`
--

INSERT INTO `topics` (`topic_id`, `topic_name`, `date_created`) VALUES
(1, 'Hey:topic', '2022-04-01 14:09:50'),
(2, 'Whats_up!:topic', '2022-04-01 14:10:00'),
(3, 'hry:topic', '2022-04-01 14:19:01');

-- --------------------------------------------------------

--
-- Table structure for table `user_info`
--

CREATE TABLE `user_info` (
  `user_id` int NOT NULL,
  `username` varchar(50) NOT NULL,
  `firstname` varchar(50) CHARACTER SET utf8mb4 COLLATE utf8mb4_0900_ai_ci DEFAULT NULL,
  `lastname` varchar(50) CHARACTER SET utf8mb4 COLLATE utf8mb4_0900_ai_ci DEFAULT NULL,
  `hashed_password` varchar(255) NOT NULL,
  `email_address` varchar(255) NOT NULL,
  `phone_number` varchar(25) CHARACTER SET utf8mb4 COLLATE utf8mb4_0900_ai_ci DEFAULT NULL,
  `nationality` varchar(255) DEFAULT NULL,
  `course` varchar(255) DEFAULT NULL,
  `accommodation` varchar(255) DEFAULT NULL,
  `biography` varchar(511) DEFAULT NULL,
  `private_account` tinyint(1) NOT NULL DEFAULT '1',
  `hobbies` varchar(128) DEFAULT NULL,
  `tasks` varchar(32) CHARACTER SET utf8mb4 COLLATE utf8mb4_0900_ai_ci DEFAULT NULL
) ENGINE=InnoDB DEFAULT CHARSET=utf8mb4 COLLATE=utf8mb4_0900_ai_ci;

--
-- Dumping data for table `user_info`
--

INSERT INTO `user_info` (`user_id`, `username`, `firstname`, `lastname`, `hashed_password`, `email_address`, `phone_number`, `nationality`, `course`, `accommodation`, `biography`, `private_account`, `hobbies`, `tasks`) VALUES
(1, 'Paul_Lulloff6', 'Paul', 'Lulloff', '$2y$10$vrL8kmCMvTL7b8p6pDPbeujw.Lc2oY9q3B3vEs9Ic9Do2xTw21qhW', 'Paul_Lulloff6@gmail.com', NULL, 'pakistani', 'sociology', 'brook Hall', 'Hey, my name is Paul Lulloff, I am studying sociology, and I am going to live at brook Hall. Any fellow pakistanis want to meet up?', 0, '4,5,7,15', NULL),
(2, 'George_Knutson66', 'George', 'Knutson', '$2y$10$qC5.zhDhWkdm4gA2IFNTe.MxWu8wnygrZEL83sdqe3EfBOP2s9JO6', 'George_Knutson66@gmail.com', NULL, 'motswana', 'mechatronic Engineering', 'unsworth Park', 'Hey, my name is George Knutson, I am studying mechatronic Engineering, and I am going to live at unsworth Park. Any fellow motswanas want to meet up?', 0, '9', NULL),
(3, 'Hank_Chambers15', 'Hank', 'Chambers', '$2y$10$bdfbrOYwsEkbimk22IUZd.xeTQbco0bEbhD18HNn6Xdb6Td9Cc/HG', 'Hank_Chambers15@gmail.com', NULL, 'northern irish', 'modern Language and Business & Management', 'wilmslow Park', 'Hey, my name is Hank Chambers, I am studying modern Language and Business & Management, and I am going to live at wilmslow Park. Any fellow northern irishs want to meet up?', 0, '6,4,14', NULL),
(4, 'Victor_Moody49', 'Victor', 'Moody', '$2y$10$hz.OKS7ONYcTu/cTOFR6seZjw.yeIycVi97tqUeFXdX9ZBd8wwJEG', 'Victor_Moody49@gmail.com', NULL, 'afghan', 'environmental Management', 'ashburne Hall', 'Hey, my name is Victor Moody, I am studying environmental Management, and I am going to live at ashburne Hall. Any fellow afghans want to meet up?', 0, '13,6', NULL),
(5, 'Steve_Stahl85', 'Steve', 'Stahl', '$2y$10$5vOud2tZ1Ri5iFb59/vnrOrU6gFDCL7GmoN.ecXzDdb/FvbRjSs.u', 'Steve_Stahl85@gmail.com', NULL, 'salvadoran', 'film Studies', 'horniman House', 'Hey, my name is Steve Stahl, I am studying film Studies, and I am going to live at horniman House. Any fellow salvadorans want to meet up?', 0, '10,15,5', NULL),
(6, 'George_Root20', 'George', 'Root', '$2y$10$gv/tk/EgBphhouzjGdAqEO/xQUxe/Abp26AFCsE44qENFIH9.QrCO', 'George_Root20@gmail.com', NULL, 'papua new guinean', 'economics', 'horniman House', 'Hey, my name is George Root, I am studying economics, and I am going to live at horniman House. Any fellow papua new guineans want to meet up?', 0, '3,11', NULL),
(7, 'Edward_Kalleg7', 'Edward', 'Kalleg', '$2y$10$xK2hoPAHmwHKC/ZDL7HXdeTrfZ8z1MLqN2Oks3sEu3PF7AttX1ooy', 'Edward_Kalleg7@gmail.com', NULL, 'zimbabwean', 'egyptology', 'wilmslow Park', 'Hey, my name is Edward Kalleg, I am studying egyptology, and I am going to live at wilmslow Park. Any fellow zimbabweans want to meet up?', 0, '9', NULL),
(8, 'Jack_Uddin77', 'Jack', 'Uddin', '$2y$10$WroB3hMfT1Bg0mO4D/RbR.twVTvB9dFZlxKK13/JN//hpUbLdIzRe', 'Jack_Uddin77@gmail.com', NULL, 'dominican', 'history', 'denmark Road', 'Hey, my name is Jack Uddin, I am studying history, and I am going to live at denmark Road. Any fellow dominicans want to meet up?', 0, '9,4', NULL),
(9, 'Carl_Chapman48', 'Carl', 'Chapman', '$2y$10$em6BaxIyaIl7YRBRGyt7WOFG321HkGzZwj8radZnt8Uj3JOPkWCiO', 'Carl_Chapman48@gmail.com', NULL, 'mosotho', 'english Literature', 'horniman House', 'Hey, my name is Carl Chapman, I am studying english Literature, and I am going to live at horniman House. Any fellow mosothos want to meet up?', 0, '12,7,9,13', NULL),
(10, 'David_Deitz95', 'David', 'Deitz', '$2y$10$VQW.eA4lnk4WWUiHJtc1mO5hZiPqCeSfX4.XT3zQP907eiNAuBUmq', 'David_Deitz95@gmail.com', NULL, 'nepalese', 'biology', 'st Anselm Hall', 'Hey, my name is David Deitz, I am studying biology, and I am going to live at st Anselm Hall. Any fellow nepaleses want to meet up?', 0, '10,11,9', NULL),
(11, 'Adam_Schickowski31', 'Adam', 'Schickowski', '$2y$10$sxTfj5tKQ8M8/KnM4HvTS.B4g5FElBEHRq/qcoyuvyXecgKH4yiIO', 'Adam_Schickowski31@gmail.com', NULL, 'palauan', 'management', 'uttley House', 'Hey, my name is Adam Schickowski, I am studying management, and I am going to live at uttley House. Any fellow palauans want to meet up?', 0, '7,15', NULL),
(12, 'Otto_Jagtap81', 'Otto', 'Jagtap', '$2y$10$dHH42ajmDdJkv21v1GT5jO4bZrZOv.XiFTK85kwGWp6dktK2J7upK', 'Otto_Jagtap81@gmail.com', NULL, 'monacan', 'environmental Management', 'weston Hall', 'Hey, my name is Otto Jagtap, I am studying environmental Management, and I am going to live at weston Hall. Any fellow monacans want to meet up?', 0, '6', NULL),
(13, 'Hank_Frick2', 'Hank', 'Frick', '$2y$10$XY63Q0SIh0fId.q9GINBkO/Zr6BGKvWQBvXTc/Nl27xiuge1fOXqm', 'Hank_Frick2@gmail.com', NULL, 'egyptian', 'music and Drama', 'denmark Road', 'Hey, my name is Hank Frick, I am studying music and Drama, and I am going to live at denmark Road. Any fellow egyptians want to meet up?', 0, '6,10,16', NULL),
(14, 'Nathan_Tisler76', 'Nathan', 'Tisler', '$2y$10$i1ch4BTP1FTDa5jWpvUFuOTG0oKJbtJxMp5XF4wHcDzLWOMLbokhO', 'Nathan_Tisler76@gmail.com', NULL, 'iranian', 'modern History and Politics', 'wilmslow Park', 'Hey, my name is Nathan Tisler, I am studying modern History and Politics, and I am going to live at wilmslow Park. Any fellow iranians want to meet up?', 0, '16,14', NULL),
(15, 'John_Severson74', 'John', 'Severson', '$2y$10$ayfOPakwTVuVe8AEkFlrxuyy0TnNGHN1HSbBF8K6t339pK/p3ldom', 'John_Severson74@gmail.com', NULL, 'australian', 'criminology', 'canterbury Court', 'Hey, my name is John Severson, I am studying criminology, and I am going to live at canterbury Court. Any fellow australians want to meet up?', 0, '10,15', NULL),
(16, 'Victor_Uflan33', 'Victor', 'Uflan', '$2y$10$2DvhyUo/kinwMEyVSgmARu1clkUAt2ISkc/u9elNjXVWE2G4Pv/Qi', 'Victor_Uflan33@gmail.com', NULL, 'uruguayan', 'life Sciences', 'rusholme Place', 'Hey, my name is Victor Uflan, I am studying life Sciences, and I am going to live at rusholme Place. Any fellow uruguayans want to meet up?', 0, '12', NULL),
(17, 'Ben_Turco96', 'Ben', 'Turco', '$2y$10$b2.e0aE4.ABWynmOfLgyseiWkLMjEMfwErCZW5EIJY2QuTUCEMKYa', 'Ben_Turco96@gmail.com', NULL, 'mongolian', 'politics, Philosophy and Economics', 'woolton Hall', 'Hey, my name is Ben Turco, I am studying politics, Philosophy and Economics, and I am going to live at woolton Hall. Any fellow mongolians want to meet up?', 0, '3', NULL),
(18, 'Roger_Wagle71', 'Roger', 'Wagle', '$2y$10$7kv20Yx.8rEnDjC7nhwGDO8YFvDZP93iU9gNdkHbGQNKqjouOoexS', 'Roger_Wagle71@gmail.com', NULL, 'micronesian', 'fashion Management', 'canterbury Court', 'Hey, my name is Roger Wagle, I am studying fashion Management, and I am going to live at canterbury Court. Any fellow micronesians want to meet up?', 0, '4,16,10,6,13', NULL),
(19, 'Ike_Severson24', 'Ike', 'Severson', '$2y$10$IlkF7HocTANxrbqky9QYmOGspBzpKE4alLpKWhhs9BbYr16gzS7G6', 'Ike_Severson24@gmail.com', NULL, 'albanian', 'english Literature', 'sheavyn House', 'Hey, my name is Ike Severson, I am studying english Literature, and I am going to live at sheavyn House. Any fellow albanians want to meet up?', 0, '15,5,3,8,13', NULL),
(20, 'Jack_Deitz84', 'Jack', 'Deitz', '$2y$10$Pltiv/sMi1zocOAD9OkLUuT/FcYh0r/nsGF1BcIs62uCVO259Aurm', 'Jack_Deitz84@gmail.com', NULL, 'spanish', 'theological Studies in Philosophy and Ethics', 'rusholme Place', 'Hey, my name is Jack Deitz, I am studying theological Studies in Philosophy and Ethics, and I am going to live at rusholme Place. Any fellow spanishs want to meet up?', 0, '5,9', NULL),
(21, 'Roger_Deitz65', 'Roger', 'Deitz', '$2y$10$86OXn/lR.NKiqfUKxb17.uGE2XEROq3tO97Akmo2AVuCQDBG3ZZse', 'Roger_Deitz65@gmail.com', NULL, 'slovakian', 'social Anthropology', 'sheavyn House', 'Hey, my name is Roger Deitz, I am studying social Anthropology, and I am going to live at sheavyn House. Any fellow slovakians want to meet up?', 0, '10,7,4', NULL),
(22, 'David_Sawyer75', 'David', 'Sawyer', '$2y$10$FljvYhfuwLnAC/2bHRWsFeLCRCGVXH.4JaoMVkmEb2O1XD0GPHmpu', 'David_Sawyer75@gmail.com', NULL, 'tanzanian', 'religions', 'weston Hall', 'Hey, my name is David Sawyer, I am studying religions, and I am going to live at weston Hall. Any fellow tanzanians want to meet up?', 0, '6,12,8,3', NULL),
(23, 'Monte_Schickowski60', 'Monte', 'Schickowski', '$2y$10$mL5sOBzafMJgvtE95CEUl.II2K7IZWmGIRlvmJFtv1L.DkhN0lp.q', 'Monte_Schickowski60@gmail.com', NULL, 'central african', 'liberal Arts', 'canterbury Court', 'Hey, my name is Monte Schickowski, I am studying liberal Arts, and I am going to live at canterbury Court. Any fellow central africans want to meet up?', 0, '2,5', NULL),
(24, 'Frank_Sonderling7', 'Frank', 'Sonderling', '$2y$10$7lvKCvpgIClaADlTLjUN0OZBeiHQvSeozxsoBiwgBwqye0ah6Xzj.', 'Frank_Sonderling7@gmail.com', NULL, 'uruguayan', 'ancient History', 'denmark Road', 'Hey, my name is Frank Sonderling, I am studying ancient History, and I am going to live at denmark Road. Any fellow uruguayans want to meet up?', 0, '14', NULL),
(25, 'Ben_Johnson37', 'Ben', 'Johnson', '$2y$10$r0UXxf4EiXmLPRk5nd3UkuK3nATGsKysYSgEUrpcr8z8.VtyAmZ1m', 'Ben_Johnson37@gmail.com', NULL, 'bahraini', 'music and Drama', 'woolton Hall', 'Hey, my name is Ben Johnson, I am studying music and Drama, and I am going to live at woolton Hall. Any fellow bahrainis want to meet up?', 0, '11,10,6,4,15', NULL),
(26, 'Ben_Linde94', 'Ben', 'Linde', '$2y$10$9rKTJzjJBmNuWqsIvn5N0eVROIatWhoNh5dWlxdqDzUtPkAfPfN2W', 'Ben_Linde94@gmail.com', NULL, 'italian', 'history  of Art', 'horniman House', 'Hey, my name is Ben Linde, I am studying history  of Art, and I am going to live at horniman House. Any fellow italians want to meet up?', 0, '7,5,2,10', NULL),
(27, 'Victor_Moore92', 'Victor', 'Moore', '$2y$10$J3LkKS7jMUWSUViAzQlOf.PrPTgVsYs5oxSOrAvpE27pcRkdZLUIq', 'Victor_Moore92@gmail.com', NULL, 'danish', 'cognitive Neuroscience and Psychology', 'rusholme Place', 'Hey, my name is Victor Moore, I am studying cognitive Neuroscience and Psychology, and I am going to live at rusholme Place. Any fellow danishs want to meet up?', 0, '11,8,9,12', NULL),
(28, 'Victor_Sellon77', 'Victor', 'Sellon', '$2y$10$rhwZQr8sl08O83fAjicLJ.oJnh.q.2LO4DZz1SGC3YOGPPzdK7/aq', 'Victor_Sellon77@gmail.com', NULL, 'omani', 'information Technology Management for Business', 'hulme Hall', 'Hey, my name is Victor Sellon, I am studying information Technology Management for Business, and I am going to live at hulme Hall. Any fellow omanis want to meet up?', 0, '15', NULL),
(29, 'Tim_Boyd16', 'Tim', 'Boyd', '$2y$10$eO4LwFItTOwqgCBvyl.r4uwEZKDId6Gbv5enXDPhp2XmNFFCZmKzi', 'Tim_Boyd16@gmail.com', NULL, 'british', 'german Studies', 'canterbury Court', 'Hey, my name is Tim Boyd, I am studying german Studies, and I am going to live at canterbury Court. Any fellow britishs want to meet up?', 0, '9,4,15,13,12', NULL),
(30, 'David_Wagle48', 'David', 'Wagle', '$2y$10$6IVeHqYiKI4HaNpd7s.8SOCc8iGN74.WhqE2U77ZcM3WcCp/rBFza', 'David_Wagle48@gmail.com', NULL, 'malian', 'international Disaster Management & Humanitaria', 'woolton Hall', 'Hey, my name is David Wagle, I am studying international Disaster Management & Humanitaria, and I am going to live at woolton Hall. Any fellow malians want to meet up?', 0, '1,3', NULL),
(31, 'Otto_Wagle41', 'Otto', 'Wagle', '$2y$10$jaF0NxrxbnzXZOCh1Q10gOZqipjumq0tUhi7faBxm/ASmXqFmeRte', 'Otto_Wagle41@gmail.com', NULL, 'belarusian', 'french Studies', 'ashburne Hall', 'Hey, my name is Otto Wagle, I am studying french Studies, and I am going to live at ashburne Hall. Any fellow belarusians want to meet up?', 0, '7,14,6,9', NULL),
(32, 'Mark_Reamer48', 'Mark', 'Reamer', '$2y$10$4Jckii.cbEBUZ342W4HHgeSFq1cBbIg7klDZnIppXkBcRBZ5QtLja', 'Mark_Reamer48@gmail.com', NULL, 'rwandan', 'fashion Technology', 'richmond Park', 'Hey, my name is Mark Reamer, I am studying fashion Technology, and I am going to live at richmond Park. Any fellow rwandans want to meet up?', 0, '8,9', NULL),
(33, 'Otto_Ingram98', 'Otto', 'Ingram', '$2y$10$.IGHJj6qbeB.tqw3DU42reXbM8cQK48roXG/i25rXif73tPPUTjOK', 'Otto_Ingram98@gmail.com', NULL, 'romanian', 'Theology and Ethics', 'rusholme Place', 'Hey, my name is Otto Ingram, I am studying Theology and Ethics, and I am going to live at rusholme Place. Any fellow romanians want to meet up?', 0, '8,10,9,4', NULL),
(34, 'Jack_Ostrander78', 'Jack', 'Ostrander', '$2y$10$pzuQ5EQWqvfA90DmcEDOduPKvr16QvbBLvR3CnXWHwDBo5d/IT5Uu', 'Jack_Ostrander78@gmail.com', NULL, 'yemenite', 'french Studies', 'uttley House', 'Hey, my name is Jack Ostrander, I am studying french Studies, and I am going to live at uttley House. Any fellow yemenites want to meet up?', 0, '6', NULL),
(35, 'Walter_Shaffer54', 'Walter', 'Shaffer', '$2y$10$b6XCLmJFJrbh0h9ALmSNQ.gbp7glgn6uV/Cpt28FwFF.e0mnpyQPO', 'Walter_Shaffer54@gmail.com', NULL, 'liberian', 'sociology', 'unsworth Park', 'Hey, my name is Walter Shaffer, I am studying sociology, and I am going to live at unsworth Park. Any fellow liberians want to meet up?', 0, '8,9', NULL),
(36, 'Ty_Davis68', 'Ty', 'Davis', '$2y$10$6uwt6vMOKxluJrqv2udaz.RwYzBISNA.PCvZZRgDlaIJEoCDmbhU2', 'Ty_Davis68@gmail.com', NULL, 'australian', 'archaeology', 'ashburne Hall', 'Hey, my name is Ty Davis, I am studying archaeology, and I am going to live at ashburne Hall. Any fellow australians want to meet up?', 0, '5', NULL),
(37, 'Otto_Ventotla100', 'Otto', 'Ventotla', '$2y$10$tl3j6v0uRNne7sno9ThImOIfffFdtKN2rElHr6FByi2OPNfS.vBNK', 'Otto_Ventotla100@gmail.com', NULL, 'malagasy', 'german Studies', 'denmark Road', 'Hey, my name is Otto Ventotla, I am studying german Studies, and I am going to live at denmark Road. Any fellow malagasys want to meet up?', 0, '4,5,7', NULL),
(38, 'Otto_Casal73', 'Otto', 'Casal', '$2y$10$b.x0ih0qoGafr9./U.FZDOfMWTp9Dt7am77d1HCZLHC.GBqvYlPVy', 'Otto_Casal73@gmail.com', NULL, 'moroccan', 'classical Studies', 'horniman House', 'Hey, my name is Otto Casal, I am studying classical Studies, and I am going to live at horniman House. Any fellow moroccans want to meet up?', 0, '16,10', NULL),
(39, 'Roger_Linde28', 'Roger', 'Linde', '$2y$10$pC6sC3lMN3zGQzm8jxQXqOsUP4xeGCe6g2KPUtr4P6NlIVUe3ep4C', 'Roger_Linde28@gmail.com', NULL, 'turkish', 'american Studies', 'george Kenyon Hall', 'Hey, my name is Roger Linde, I am studying american Studies, and I am going to live at george Kenyon Hall. Any fellow turkishs want to meet up?', 0, '6,8,15', NULL),
(40, 'Larry_Kaskel27', 'Larry', 'Kaskel', '$2y$10$x/FEWtrRh1m4HHVjeuYGPOZpQhfgDA1mI/Al/gGCgRXxulOP0CjdS', 'Larry_Kaskel27@gmail.com', NULL, 'san marinese', 'american Studies', 'oak House', 'Hey, my name is Larry Kaskel, I am studying american Studies, and I am going to live at oak House. Any fellow san marineses want to meet up?', 0, '12', NULL),
(41, 'Aaron_Upson83', 'Aaron', 'Upson', '$2y$10$pucu0Fg2yfHWDJJYwQLLH.ekvjU2zlXW.bHn7FnYwCSGwe4wt9msm', 'Aaron_Upson83@gmail.com', NULL, 'angolan', 'education', 'brook Hall', 'Hey, my name is Aaron Upson, I am studying education, and I am going to live at brook Hall. Any fellow angolans want to meet up?', 0, '12', NULL),
(42, 'Roger_Tisler71', 'Roger', 'Tisler', '$2y$10$HOrXi.9uVx/3sbvKFbWy7.qeScY8LB/feir1BEkjzq.XW12d9WV1K', 'Roger_Tisler71@gmail.com', NULL, 'south african', 'speech and Language Therapy', 'brook Hall', 'Hey, my name is Roger Tisler, I am studying speech and Language Therapy, and I am going to live at brook Hall. Any fellow south africans want to meet up?', 0, '11,3,2', NULL),
(43, 'George_Nelson42', 'George', 'Nelson', '$2y$10$kJfLgpsNH/2zSyTbb9L0KeZ79ie9N1vwN0GNQ8WmM2MgrGPXEtJ9q', 'George_Nelson42@gmail.com', NULL, 'uruguayan', 'politics, Philosophy and Economics', 'george Kenyon Hall', 'Hey, my name is George Nelson, I am studying politics, Philosophy and Economics, and I am going to live at george Kenyon Hall. Any fellow uruguayans want to meet up?', 0, '7,15,8', NULL),
(44, 'Nathan_Trussel68', 'Nathan', 'Trussel', '$2y$10$fBCWm9voWx6dcz/Y.ToVZe7uSr4yx1dPKmxueo2MsYNyX1KhgD75S', 'Nathan_Trussel68@gmail.com', NULL, 'turkish', 'russian Studies', 'whitworth Park', 'Hey, my name is Nathan Trussel, I am studying russian Studies, and I am going to live at whitworth Park. Any fellow turkishs want to meet up?', 0, '1,11,8,13', NULL),
(45, 'Tim_Anderson72', 'Tim', 'Anderson', '$2y$10$jhT.ts6wi2M6Ifml9I0bgOcHbEIUSkDKa0PwxnNeHj7qsDMZeqsPy', 'Tim_Anderson72@gmail.com', NULL, 'peruvian', 'international Disaster Management & Humanitaria', 'sheavyn House', 'Hey, my name is Tim Anderson, I am studying international Disaster Management & Humanitaria, and I am going to live at sheavyn House. Any fellow peruvians want to meet up?', 0, '6,10,4,1', NULL),
(46, 'David_Pettigrew91', 'David', 'Pettigrew', '$2y$10$c2mwNc5nknYfv20iEIg0POel8cDnX0o31qVBAndoy1XKznnWjy8Fe', 'David_Pettigrew91@gmail.com', NULL, 'tunisian', 'earth and Planetary Sciences', 'richmond Park', 'Hey, my name is David Pettigrew, I am studying earth and Planetary Sciences, and I am going to live at richmond Park. Any fellow tunisians want to meet up?', 0, '8,6,9,12', NULL),
(47, 'Victor_Eastman83', 'Victor', 'Eastman', '$2y$10$02R/gbkZfOR/sS0BXQKRcuc3qUuchPAiyTIlRqQfiScMbMbFqJaku', 'Victor_Eastman83@gmail.com', NULL, 'dominican', 'civil Engineering', 'rusholme Place', 'Hey, my name is Victor Eastman, I am studying civil Engineering, and I am going to live at rusholme Place. Any fellow dominicans want to meet up?', 0, '5,14,9,16', NULL),
(48, 'Matthew_Johnson89', 'Matthew', 'Johnson', '$2y$10$xpv2PAMaGQ1.qNYSeR86Ve.aw3V42oqOFbbG2A0KdeygcnkKyZCBO', 'Matthew_Johnson89@gmail.com', NULL, 'motswana', 'history  of Art', 'hulme Hall', 'Hey, my name is Matthew Johnson, I am studying history  of Art, and I am going to live at hulme Hall. Any fellow motswanas want to meet up?', 0, '7', NULL),
(49, 'Nathan_Tiernan12', 'Nathan', 'Tiernan', '$2y$10$C5.3b1l.X1NWjZ9ymu2gOO8xl/veccNaqY8FDudYuk/vFvM6ZnIkq', 'Nathan_Tiernan12@gmail.com', NULL, 'tuvaluan', 'finance Econ', 'oak House', 'Hey, my name is Nathan Tiernan, I am studying finance Econ, and I am going to live at oak House. Any fellow tuvaluans want to meet up?', 0, '7', NULL),
(50, 'Steve_Schickowski69', 'Steve', 'Schickowski', '$2y$10$K3jTe8lsS2kx.JDJab8dkOS2hD30Phqz7fiMraiiyRF1WZ0ygxrfi', 'Steve_Schickowski69@gmail.com', NULL, 'italian', 'german Studies', 'george Kenyon Hall', 'Hey, my name is Steve Schickowski, I am studying german Studies, and I am going to live at george Kenyon Hall. Any fellow italians want to meet up?', 0, '16', NULL),
(51, 'George_Hoffman91', 'George', 'Hoffman', '$2y$10$N1vDy8t7luwaLNMBQOoAYe/8Eu3zGec/xv.kZ0zWXz0xORIuiQP8S', 'George_Hoffman91@gmail.com', NULL, 'zambian', 'environmental Science', 'denmark Road', 'Hey, my name is George Hoffman, I am studying environmental Science, and I am going to live at denmark Road. Any fellow zambians want to meet up?', 0, '8', NULL),
(52, 'Peter_Nuttle4', 'Peter', 'Nuttle', '$2y$10$je9nZPa/BH.OcaHhiuPPz.Doi6hA28YlwVnZsrHJ7FOAYR713nRQq', 'Peter_Nuttle4@gmail.com', NULL, 'ugandan', 'cognitive Neuroscience and Psychology', 'st Anselm Hall', 'Hey, my name is Peter Nuttle, I am studying cognitive Neuroscience and Psychology, and I am going to live at st Anselm Hall. Any fellow ugandans want to meet up?', 0, '11,3', NULL),
(53, 'Aaron_Jagtap37', 'Aaron', 'Jagtap', '$2y$10$M7ZbbngAGunbdTfc/fsg7e50jtqA4zbGLjM9ixITXRj6bDB0PqUEG', 'Aaron_Jagtap37@gmail.com', NULL, 'burmese', 'adult Nursing', 'richmond Park', 'Hey, my name is Aaron Jagtap, I am studying adult Nursing, and I am going to live at richmond Park. Any fellow burmeses want to meet up?', 0, '4', NULL),
(54, 'George_Pak76', 'George', 'Pak', '$2y$10$LxUEv3HrE5TxlfjiJBHCrOXcqLwuH1bs9QfM6NzuXzN1AY4cipwDO', 'George_Pak76@gmail.com', NULL, 'maltese', 'dentistry', 'weston Hall', 'Hey, my name is George Pak, I am studying dentistry, and I am going to live at weston Hall. Any fellow malteses want to meet up?', 0, '10,5,7', NULL),
(55, 'David_Jenson52', 'David', 'Jenson', '$2y$10$zuhp/DjlvpF9ORI5BuYJJOCbhSHKjTZRvSSTprRUnoWqQeMmKcowS', 'David_Jenson52@gmail.com', NULL, 'chilean', 'east Asian Studies', 'sheavyn House', 'Hey, my name is David Jenson, I am studying east Asian Studies, and I am going to live at sheavyn House. Any fellow chileans want to meet up?', 0, '4,5', NULL),
(56, 'Frank_Vader79', 'Frank', 'Vader', '$2y$10$Pi3nUSwz5aGMhFYOKJR8/e7l26dAy.OgAfuvUeQgvPNPVnUK5EwbK', 'Frank_Vader79@gmail.com', NULL, 'belarusian', 'arabic Studies', 'unsworth Park', 'Hey, my name is Frank Vader, I am studying arabic Studies, and I am going to live at unsworth Park. Any fellow belarusians want to meet up?', 0, '1,4,12,11', NULL),
(57, 'Frank_Aikin4', 'Frank', 'Aikin', '$2y$10$7NZMe10fixNJ7yBx5R65Pugp2hd/lv3PjtqIpdDXa83HRe5yHZF.C', 'Frank_Aikin4@gmail.com', NULL, 'maldivan', 'international Business, Finance and Economic ', 'weston Hall', 'Hey, my name is Frank Aikin, I am studying international Business, Finance and Economic , and I am going to live at weston Hall. Any fellow maldivans want to meet up?', 0, '5', NULL),
(58, 'Peter_Wakefield14', 'Peter', 'Wakefield', '$2y$10$Js26uqRszuYq.YVjc/klgOZMdVsZUOcAmAMss7SUeaP.WG3K3WGOK', 'Peter_Wakefield14@gmail.com', NULL, 'motswana', 'microbiology', 'unsworth Park', 'Hey, my name is Peter Wakefield, I am studying microbiology, and I am going to live at unsworth Park. Any fellow motswanas want to meet up?', 0, '14,2,13', NULL),
(59, 'Mark_Pak21', 'Mark', 'Pak', '$2y$10$w3jCmH/faMDO2JTbIimP0ehxNxGdfXYnZHG9NPcsXhqaSvLsbdo9W', 'Mark_Pak21@gmail.com', NULL, 'jamaican', 'electrical, Electronic & Mechatronic Engineerin', 'richmond Park', 'Hey, my name is Mark Pak, I am studying electrical, Electronic & Mechatronic Engineerin, and I am going to live at richmond Park. Any fellow jamaicans want to meet up?', 0, '3', NULL),
(60, 'Monte_Davis38', 'Monte', 'Davis', '$2y$10$.TKBmlTXZTbEivaYgV/NDu8hI7lS/NmpKQI0eWUf4WNcdbWtt5awK', 'Monte_Davis38@gmail.com', NULL, 'yemenite', 'chemistry', 'sheavyn House', 'Hey, my name is Monte Davis, I am studying chemistry, and I am going to live at sheavyn House. Any fellow yemenites want to meet up?', 0, '16', NULL),
(61, 'Ben_Ferro38', 'Ben', 'Ferro', '$2y$10$dR.PuOLjUtOkNyTBFrnPrOyor8t1.nxtuPw8Tw01OFkurfaZbqwRC', 'Ben_Ferro38@gmail.com', NULL, 'sri lankan', 'chinese Studies', 'canterbury Court', 'Hey, my name is Ben Ferro, I am studying chinese Studies, and I am going to live at canterbury Court. Any fellow sri lankans want to meet up?', 0, '6,9,11', NULL),
(62, 'Tim_Wagner10', 'Tim', 'Wagner', '$2y$10$aqst3mIZGSpfRgctvR2U0uNfcTjVfJ0fqg1UJrGBOYFUzVsSKcJFm', 'Tim_Wagner10@gmail.com', NULL, 'yemenite', 'mathematics', 'burkhardt House', 'Hey, my name is Tim Wagner, I am studying mathematics, and I am going to live at burkhardt House. Any fellow yemenites want to meet up?', 0, '8,2,6', NULL),
(63, 'Ty_Weiss80', 'Ty', 'Weiss', '$2y$10$yqTh5gLUiHICKzQkO1Jgl..R/wJle75CBx9hOEln/M7ZuRvtIYgd.', 'Ty_Weiss80@gmail.com', NULL, 'cambodian', 'aerospace Engineering', 'whitworth Park', 'Hey, my name is Ty Weiss, I am studying aerospace Engineering, and I am going to live at whitworth Park. Any fellow cambodians want to meet up?', 0, '15', NULL),
(64, 'Joe_Yang86', 'Joe', 'Yang', '$2y$10$tpPVzW/UszYdG/dJ8kJc0.zqFQDLAKvwpiCwKHdTsSyeVx6MufqhS', 'Joe_Yang86@gmail.com', NULL, 'algerian', 'french Studies', 'richmond Park', 'Hey, my name is Joe Yang, I am studying french Studies, and I am going to live at richmond Park. Any fellow algerians want to meet up?', 0, '11,5,12', NULL),
(65, 'Ike_LePage20', 'Ike', 'LePage', '$2y$10$sBChhAklSfNepmPevZD5uuQTzyqBBPJv087dLDF6ScIXquEdMEo/m', 'Ike_LePage20@gmail.com', NULL, 'finnish', 'medical Biochemistry', 'rusholme Place', 'Hey, my name is Ike LePage, I am studying medical Biochemistry, and I am going to live at rusholme Place. Any fellow finnishs want to meet up?', 0, '8', NULL),
(66, 'Ike_Dewalt66', 'Ike', 'Dewalt', '$2y$10$GD1jO5UdIE.mUQz3W5GuPuwvuQD4udxLVvNsWpho0/w7hF7K6nESW', 'Ike_Dewalt66@gmail.com', NULL, 'mexican', 'comparative Religion and Social Anthropology', 'oak House', 'Hey, my name is Ike Dewalt, I am studying comparative Religion and Social Anthropology, and I am going to live at oak House. Any fellow mexicans want to meet up?', 0, '13,15,3', NULL),
(67, 'Joe_Hesch78', 'Joe', 'Hesch', '$2y$10$LJRudmWZRJFLgTNdyf5WL.53wilEpQa7.mx3dpOiPIlckJcDUjhZu', 'Joe_Hesch78@gmail.com', NULL, 'guinean', 'biochemistry', 'brook Hall', 'Hey, my name is Joe Hesch, I am studying biochemistry, and I am going to live at brook Hall. Any fellow guineans want to meet up?', 0, '3', NULL),
(68, 'Tim_Kalleg65', 'Tim', 'Kalleg', '$2y$10$xSbGeB8vn2UJ1HB4T6lZCOdY9bwnNxyfyAoNvrqsJstnxf8D2qeKm', 'Tim_Kalleg65@gmail.com', NULL, 'dutch', 'cognitive Neuroscience and Psychology', 'ashburne Hall', 'Hey, my name is Tim Kalleg, I am studying cognitive Neuroscience and Psychology, and I am going to live at ashburne Hall. Any fellow dutchs want to meet up?', 0, '13', NULL),
(69, 'Joe_Mills80', 'Joe', 'Mills', '$2y$10$sZdTsO8obLH.76juiskA5ufo0OAms5RcwpoO1U73JFQxNJioW.j9W', 'Joe_Mills80@gmail.com', NULL, 'emirian', 'earth and Planetary Sciences', 'denmark Road', 'Hey, my name is Joe Mills, I am studying earth and Planetary Sciences, and I am going to live at denmark Road. Any fellow emirians want to meet up?', 0, '2', NULL),
(70, 'Otto_Tiernan15', 'Otto', 'Tiernan', '$2y$10$YgLXuIGyfx98Q1UPceLpi.ybOIAs8yuiemTd05BDkYBU7vNaeDwbi', 'Otto_Tiernan15@gmail.com', NULL, 'gabonese', 'accounting', 'st Anselm Hall', 'Hey, my name is Otto Tiernan, I am studying accounting, and I am going to live at st Anselm Hall. Any fellow gaboneses want to meet up?', 0, '8,14,7', NULL),
(71, 'George_Haworth53', 'George', 'Haworth', '$2y$10$Ljh84aj70OFAVz1oDyTfXOfM4iww.GGe7ttC5byNvCFOp84YWcA2S', 'George_Haworth53@gmail.com', NULL, 'palauan', 'international Management', 'denmark Road', 'Hey, my name is George Haworth, I am studying international Management, and I am going to live at denmark Road. Any fellow palauans want to meet up?', 0, '8,1', NULL),
(72, 'Fred_Mills80', 'Fred', 'Mills', '$2y$10$wW3uAmtc9ZlhcwPqRyczRuoOljPb4qiji5Eu1pAiPOdzLUgkdG7xW', 'Fred_Mills80@gmail.com', NULL, 'barbudans', 'german Studies', 'dalton-Ellis Hall', 'Hey, my name is Fred Mills, I am studying german Studies, and I am going to live at dalton-Ellis Hall. Any fellow barbudanss want to meet up?', 0, '2,4,9,15,10', NULL),
(73, 'Larry_Chapman15', 'Larry', 'Chapman', '$2y$10$eZ.1WOd/5eKh6CIZ/PtOlO7pqn1fwoYEDarjDAlOHpaPEmN5bkY.6', 'Larry_Chapman15@gmail.com', NULL, 'monacan', 'ancient History', 'st Anselm Hall', 'Hey, my name is Larry Chapman, I am studying ancient History, and I am going to live at st Anselm Hall. Any fellow monacans want to meet up?', 0, '13', NULL),
(74, 'Jack_Dugan30', 'Jack', 'Dugan', '$2y$10$yoHlWiWO2SE8T4T5hIcbD.zMC1j6.OHXZAxxdD5dS6Ys/fwtHrIqW', 'Jack_Dugan30@gmail.com', NULL, 'antiguans', 'plant Science', 'horniman House', 'Hey, my name is Jack Dugan, I am studying plant Science, and I am going to live at horniman House. Any fellow antiguanss want to meet up?', 0, '14,10', NULL),
(75, 'Larry_Hesch86', 'Larry', 'Hesch', '$2y$10$FpKE5xoYlQSnmyQYzZtErOeM0D7icwQvoiO2LykpLZd2OWunkOPxi', 'Larry_Hesch86@gmail.com', NULL, 'belgian', 'law', 'george Kenyon Hall', 'Hey, my name is Larry Hesch, I am studying law, and I am going to live at george Kenyon Hall. Any fellow belgians want to meet up?', 0, '15,7,13', NULL),
(76, 'Frank_Root92', 'Frank', 'Root', '$2y$10$c0GsjtHwMB2JKBzIUY1eDu.2j/yGEfXYUIFwO1GkUgiwp4VSjhn0m', 'Frank_Root92@gmail.com', NULL, 'beninese', 'electrical, Electronic & Mechatronic Engineerin', 'wilmslow Park', 'Hey, my name is Frank Root, I am studying electrical, Electronic & Mechatronic Engineerin, and I am going to live at wilmslow Park. Any fellow benineses want to meet up?', 0, '12,16', NULL),
(77, 'Paul_Schutz13', 'Paul', 'Schutz', '$2y$10$37/pXwubMPnyLKTjiFGNkuozYPcABzrPd5jIbqHuG9kpzH3beOHXa', 'Paul_Schutz13@gmail.com', NULL, 'sierra leonean', 'zoology', 'burkhardt House', 'Hey, my name is Paul Schutz, I am studying zoology, and I am going to live at burkhardt House. Any fellow sierra leoneans want to meet up?', 0, '12,4', NULL),
(78, 'Nathan_Dewalt30', 'Nathan', 'Dewalt', '$2y$10$yqN9nVuK6P4ZQeThiEDlk.ZWXzVjT.frjFiSfvKfQdHyXa2QnRwuS', 'Nathan_Dewalt30@gmail.com', NULL, 'welsh', 'biomedical Sciences', 'sheavyn House', 'Hey, my name is Nathan Dewalt, I am studying biomedical Sciences, and I am going to live at sheavyn House. Any fellow welshs want to meet up?', 0, '5,9', NULL),
(79, 'Jack_Cannon54', 'Jack', 'Cannon', '$2y$10$SybGIxLP0B85mgOrFD7h8u3oxV2kTiYnzEnNCELE0ZAaZJ9MhBxjC', 'Jack_Cannon54@gmail.com', NULL, 'kyrgyz', 'politics, Philosophy and Economics', 'st Anselm Hall', 'Hey, my name is Jack Cannon, I am studying politics, Philosophy and Economics, and I am going to live at st Anselm Hall. Any fellow kyrgyzs want to meet up?', 0, '13,1,15', NULL),
(80, 'Nathan_Christensen30', 'Nathan', 'Christensen', '$2y$10$kbgrOKARZe54zn/WlTBLX.5qBYqGAj/iabezlrhrAtd8Px2Sjr8OO', 'Nathan_Christensen30@gmail.com', NULL, 'slovenian', 'actuarial Science and Mathematics', 'horniman House', 'Hey, my name is Nathan Christensen, I am studying actuarial Science and Mathematics, and I am going to live at horniman House. Any fellow slovenians want to meet up?', 0, '7,15,14', NULL),
(81, 'Hal_Reamer99', 'Hal', 'Reamer', '$2y$10$GQ216z8Mo1t5kKlClit0ouujhZwIFMAs4z4W/PIqvB1ytuQ6fhVFi', 'Hal_Reamer99@gmail.com', NULL, 'pakistani', 'geography', 'dalton-Ellis Hall', 'Hey, my name is Hal Reamer, I am studying geography, and I am going to live at dalton-Ellis Hall. Any fellow pakistanis want to meet up?', 0, '16,9', NULL),
(82, 'Aaron_Turco43', 'Aaron', 'Turco', '$2y$10$YUtTJg/bEHZOg50WGQYS5OrZZYwI.lkA7114BStFajtpPzGQQKv7a', 'Aaron_Turco43@gmail.com', NULL, 'mauritanian', 'actuarial Science and Mathematics', 'rusholme Place', 'Hey, my name is Aaron Turco, I am studying actuarial Science and Mathematics, and I am going to live at rusholme Place. Any fellow mauritanians want to meet up?', 0, '14,3,10,6', NULL),
(83, 'Victor_Ashwoon33', 'Victor', 'Ashwoon', '$2y$10$H15rWRc6LxR.C19Qy2uQYOBFW93IfEPlucuxZUY/ZKIpXQsl1VhRu', 'Victor_Ashwoon33@gmail.com', NULL, 'grenadian', 'religions', 'whitworth Park', 'Hey, my name is Victor Ashwoon, I am studying religions, and I am going to live at whitworth Park. Any fellow grenadians want to meet up?', 0, '16,2', NULL),
(84, 'Dan_Cataldi7', 'Dan', 'Cataldi', '$2y$10$.3X730H.cBXl1jaLQI8epOoXonThtnT5smUWrnU3/tXCjcnDOkCrq', 'Dan_Cataldi7@gmail.com', NULL, 'jamaican', 'mathematics', 'weston Hall', 'Hey, my name is Dan Cataldi, I am studying mathematics, and I am going to live at weston Hall. Any fellow jamaicans want to meet up?', 0, '14,2', NULL),
(85, 'Tim_Lulloff75', 'Tim', 'Lulloff', '$2y$10$cvpu0pF7PoxE.v3hoerbrejCXWCzXwX0SAdEV51rT9GXK4KSAUdIi', 'Tim_Lulloff75@gmail.com', NULL, 'finnish', 'biotechnology', 'ashburne Hall', 'Hey, my name is Tim Lulloff, I am studying biotechnology, and I am going to live at ashburne Hall. Any fellow finnishs want to meet up?', 0, '9', NULL),
(86, 'Adam_Trebil17', 'Adam', 'Trebil', '$2y$10$AGaJmf3XKclcvUy1R5NfqOwDJ6km.wOnoRcDvxxXkcxL52WJySrj.', 'Adam_Trebil17@gmail.com', NULL, 'ecuadorean', 'cell Biology', 'sheavyn House', 'Hey, my name is Adam Trebil, I am studying cell Biology, and I am going to live at sheavyn House. Any fellow ecuadoreans want to meet up?', 0, '13,16,14,10,8', NULL),
(87, 'Hal_Schlicht40', 'Hal', 'Schlicht', '$2y$10$DrVzCTuVd9NgWLgpdMp64ekNU.8z5hTIXsvTzppOz4slWO5PXvd7W', 'Hal_Schlicht40@gmail.com', NULL, 'pakistani', 'history', 'st Anselm Hall', 'Hey, my name is Hal Schlicht, I am studying history, and I am going to live at st Anselm Hall. Any fellow pakistanis want to meet up?', 0, '14', NULL),
(88, 'Hal_Celedon12', 'Hal', 'Celedon', '$2y$10$XpT0Jzvg3ZzL4KWk5PqslujIOdrgRhrbDJRX.D48Ddg9Nm.Kn912a', 'Hal_Celedon12@gmail.com', NULL, 'honduran', 'anatomical Sciences', 'horniman House', 'Hey, my name is Hal Celedon, I am studying anatomical Sciences, and I am going to live at horniman House. Any fellow hondurans want to meet up?', 0, '9,3,12,4', NULL),
(89, 'Monte_Caswell82', 'Monte', 'Caswell', '$2y$10$OYzZwEHq4sPBBxR4/172eued.qtNuT4vyyJUGJRQCQvTKick6r936', 'Monte_Caswell82@gmail.com', NULL, 'brazilian', 'modern History with Economics', 'uttley House', 'Hey, my name is Monte Caswell, I am studying modern History with Economics, and I am going to live at uttley House. Any fellow brazilians want to meet up?', 0, '10', NULL),
(90, 'Joe_Hylan87', 'Joe', 'Hylan', '$2y$10$YR1096Yb3kWLdximhSA2bucEOOAscSlOo7DzGv8lbO/Ugrrn8w0t.', 'Joe_Hylan87@gmail.com', NULL, 'singaporean', 'accounting', 'denmark Road', 'Hey, my name is Joe Hylan, I am studying accounting, and I am going to live at denmark Road. Any fellow singaporeans want to meet up?', 0, '6,1,12', NULL),
(91, 'Fred_McGinnis82', 'Fred', 'McGinnis', '$2y$10$soyDZgA7T3RIZ5rIBmXel.I0Tqdoqeyx4vUnb2eSoERrPYEBqkmni', 'Fred_McGinnis82@gmail.com', NULL, 'austrian', 'genetics', 'oak House', 'Hey, my name is Fred McGinnis, I am studying genetics, and I am going to live at oak House. Any fellow austrians want to meet up?', 0, '8,1,13,9', NULL),
(92, 'Steve_Uddin43', 'Steve', 'Uddin', '$2y$10$6Wz78Rpina4Sj8KlAZShFOPaR0lIDW9ua8F98a/b3ZBADN80Vza8q', 'Steve_Uddin43@gmail.com', NULL, 'indonesian', 'environmental Science', 'dalton-Ellis Hall', 'Hey, my name is Steve Uddin, I am studying environmental Science, and I am going to live at dalton-Ellis Hall. Any fellow indonesians want to meet up?', 0, '6', NULL),
(93, 'Matthew_Schwager60', 'Matthew', 'Schwager', '$2y$10$2IJI902YbIWwlGtZSPHK0OOZ98elWSjCvU34IsMkwhR5ZnziWnViy', 'Matthew_Schwager60@gmail.com', NULL, 'northern irish', 'materials Science and Engineering', 'sheavyn House', 'Hey, my name is Matthew Schwager, I am studying materials Science and Engineering, and I am going to live at sheavyn House. Any fellow northern irishs want to meet up?', 0, '8,12,15,2', NULL),
(94, 'Ike_Kaskel56', 'Ike', 'Kaskel', '$2y$10$bT.zIDFdKAlbQ.iBkGsv3OMIqI3JBHRL2nmXlaa.5/817sy8Xyj4e', 'Ike_Kaskel56@gmail.com', NULL, 'malagasy', 'finance Econ', 'richmond Park', 'Hey, my name is Ike Kaskel, I am studying finance Econ, and I am going to live at richmond Park. Any fellow malagasys want to meet up?', 0, '14,2,1', NULL),
(95, 'Mark_Baxster16', 'Mark', 'Baxster', '$2y$10$6KULSLx34c1gYpweBXy9qOi3/JPUniHAGrjzmSqFe99HriQ1frIRK', 'Mark_Baxster16@gmail.com', NULL, 'luxembourger', NULL, 'wilmslow Park', 'Hey, my name is Mark Baxster, I am studying , and I am going to live at wilmslow Park. Any fellow luxembourgers want to meet up?', 0, '6,2,3,10', NULL),
(96, 'John_Ventotla98', 'John', 'Ventotla', '$2y$10$9s2t4QLDbS.UTa9zp86qEuQlO0qiwJdBQrF9p5M3rVOt9r66BvRa2', 'John_Ventotla98@gmail.com', NULL, 'georgian', 'american Studies', 'wilmslow Park', 'Hey, my name is John Ventotla, I am studying american Studies, and I am going to live at wilmslow Park. Any fellow georgians want to meet up?', 0, '10,12,15,7', NULL),
(97, 'John_Irwin76', 'John', 'Irwin', '$2y$10$ePsvK8WCsF.BymxixT4o/u3hJJNvqalTxVjHAsueoIs0xSnA3ELYu', 'John_Irwin76@gmail.com', NULL, 'filipino', 'english Language', 'uttley House', 'Hey, my name is John Irwin, I am studying english Language, and I am going to live at uttley House. Any fellow filipinos want to meet up?', 0, '3', NULL),
(98, 'Monte_Turco26', 'Monte', 'Turco', '$2y$10$Vc7UaqwFY2JJT7dUcBoYaucgJ7BYwLCjCuB9OnPsFP2RJoAsTry5G', 'Monte_Turco26@gmail.com', NULL, 'norwegian', 'plant Science', 'weston Hall', 'Hey, my name is Monte Turco, I am studying plant Science, and I am going to live at weston Hall. Any fellow norwegians want to meet up?', 0, '10,16,14', NULL),
(99, 'Alex_Haworth70', 'Alex', 'Haworth', '$2y$10$RlM/vM6vUZzU7QckWxDqHeL3B7nxKMeiRvBVWq/xwWm3wJePGWtme', 'Alex_Haworth70@gmail.com', NULL, 'san marinese', 'russian Studies', 'whitworth Park', 'Hey, my name is Alex Haworth, I am studying russian Studies, and I am going to live at whitworth Park. Any fellow san marineses want to meet up?', 0, '15', NULL),
(100, 'Thomas_Knutson66', 'Thomas', 'Knutson', '$2y$10$HxseTlwoAjtePCrx4c73auY8MbOkpDTay.FOk6Gq4/P7YF3cJBkB6', 'Thomas_Knutson66@gmail.com', NULL, 'kyrgyz', 'electrical, Electronic & Mechatronic Engineerin', 'burkhardt House', 'Hey, my name is Thomas Knutson, I am studying electrical, Electronic & Mechatronic Engineerin, and I am going to live at burkhardt House. Any fellow kyrgyzs want to meet up?', 0, '5,10', NULL),
(101, 'Alex_Aikin76', 'Alex', 'Aikin', '$2y$10$IR7rMYJnW4dBFZxq/OV/2eRSVypeUjkKgUnKZq18Esgm2YXCUeFri', 'Alex_Aikin76@gmail.com', NULL, 'sri lankan', 'dental Hygiene and Therapy ', 'unsworth Park', 'Hey, my name is Alex Aikin, I am studying dental Hygiene and Therapy , and I am going to live at unsworth Park. Any fellow sri lankans want to meet up?', 0, '14,1,13', NULL),
(102, 'Ben_Miller37', 'Ben', 'Miller', '$2y$10$KsanTUReUbA1ALy0U80IteN2xRgpNhQjzObGcpvLEmrAhhh/DP/Bm', 'Ben_Miller37@gmail.com', NULL, 'surinamer', 'plant Science', 'horniman House', 'Hey, my name is Ben Miller, I am studying plant Science, and I am going to live at horniman House. Any fellow surinamers want to meet up?', 0, '14,11', NULL),
(103, 'Alex_Celedon85', 'Alex', 'Celedon', '$2y$10$W4EhRyGZ.AAY5inPer9hwehPPNItTsoct9uxnnWvcKb9QIZJPIQCy', 'Alex_Celedon85@gmail.com', NULL, 'surinamer', 'biochemistry', 'uttley House', 'Hey, my name is Alex Celedon, I am studying biochemistry, and I am going to live at uttley House. Any fellow surinamers want to meet up?', 0, '4,12', NULL),
(104, 'Otto_Schwager56', 'Otto', 'Schwager', '$2y$10$CVRbmNmhX5LIY4ZsS4QtlepVwi0iCGsFHMF4X3D.kBQ49Z/KyVv2C', 'Otto_Schwager56@gmail.com', NULL, 'bruneian', 'egyptology', 'horniman House', 'Hey, my name is Otto Schwager, I am studying egyptology, and I am going to live at horniman House. Any fellow bruneians want to meet up?', 0, '15,5', NULL),
(105, 'Aaron_Trussel76', 'Aaron', 'Trussel', '$2y$10$rOe2N7PUYLHcYFPw9ZGcSe/cJGQ7LaVKzkGy5bEsGX9ZOESLoAwyK', 'Aaron_Trussel76@gmail.com', NULL, 'kazakhstani', 'civil Engineering', 'woolton Hall', 'Hey, my name is Aaron Trussel, I am studying civil Engineering, and I am going to live at woolton Hall. Any fellow kazakhstanis want to meet up?', 0, '9,11', NULL),
(106, 'George_Olson23', 'George', 'Olson', '$2y$10$8JF907amxJMgqY4znxOjNumHDxjUbX1XSzwjrt3dzPrkJo7veixfm', 'George_Olson23@gmail.com', NULL, 'latvian', 'biochemistry', 'brook Hall', 'Hey, my name is George Olson, I am studying biochemistry, and I am going to live at brook Hall. Any fellow latvians want to meet up?', 0, '5,15,3,2', NULL),
(107, 'Matthew_Doran56', 'Matthew', 'Doran', '$2y$10$mVoo4ZL7E8V8TJD.GRZLEuHRQL38MbtW2tAdI.U/vufa4PL84u8j2', 'Matthew_Doran56@gmail.com', NULL, 'azerbaijani', 'biochemistry', 'brook Hall', 'Hey, my name is Matthew Doran, I am studying biochemistry, and I am going to live at brook Hall. Any fellow azerbaijanis want to meet up?', 0, '3,1', NULL),
(108, 'Walter_Olson9', 'Walter', 'Olson', '$2y$10$TgZdDMKtptsKvWjGwcc56uZNtdWVxycm1SueRcdbopUj7y9WNs4WK', 'Walter_Olson9@gmail.com', NULL, 'guatemalan', 'theological Studies in Philosophy and Ethics', 'richmond Park', 'Hey, my name is Walter Olson, I am studying theological Studies in Philosophy and Ethics, and I am going to live at richmond Park. Any fellow guatemalans want to meet up?', 0, '10,3', NULL),
(109, 'Paul_Vogal52', 'Paul', 'Vogal', '$2y$10$Q1CY0X8obP0XKrv4bApi0uE9vdAS/pU2JruvU4hZE54CH73X3es6m', 'Paul_Vogal52@gmail.com', NULL, 'maltese', 'adult Nursing', 'rusholme Place', 'Hey, my name is Paul Vogal, I am studying adult Nursing, and I am going to live at rusholme Place. Any fellow malteses want to meet up?', 0, '4,5', NULL),
(110, 'Ty_Woo100', 'Ty', 'Woo', '$2y$10$L7qH/LOH.VaQc6NuBrALQeMEIdJaTcRWQ0gyE5T9KlWyiOCB.jZ22', 'Ty_Woo100@gmail.com', NULL, 'australian', 'chinese Studies', 'george Kenyon Hall', 'Hey, my name is Ty Woo, I am studying chinese Studies, and I am going to live at george Kenyon Hall. Any fellow australians want to meet up?', 0, '13', NULL),
(111, 'David_Uddin74', 'David', 'Uddin', '$2y$10$ot51prNZKIZhk9y8Og8Mvu8WYJ91yVpdG.T0iXi2wcriBySDYlG76', 'David_Uddin74@gmail.com', NULL, 'nicaraguan', 'ancient History', 'rusholme Place', 'Hey, my name is David Uddin, I am studying ancient History, and I am going to live at rusholme Place. Any fellow nicaraguans want to meet up?', 0, '7,2,1', NULL),
(112, 'John_Linde83', 'John', 'Linde', '$2y$10$7umtNlmlYTRpxRKBDl/XMeTwAkou5nSz8JLdyNjj8JioepYedxZ8G', 'John_Linde83@gmail.com', NULL, 'azerbaijani', 'arabic Studies', 'woolton Hall', 'Hey, my name is John Linde, I am studying arabic Studies, and I am going to live at woolton Hall. Any fellow azerbaijanis want to meet up?', 0, '13,2,16', NULL),
(113, 'Edward_Ferry75', 'Edward', 'Ferry', '$2y$10$/guWnHVOcyi3je7fxLRzVu3D7VOwjq9ZP4USwhGWfePzsHW2FKVsm', 'Edward_Ferry75@gmail.com', NULL, 'venezuelan', 'developmental Biology', 'oak House', 'Hey, my name is Edward Ferry, I am studying developmental Biology, and I am going to live at oak House. Any fellow venezuelans want to meet up?', 0, '15,12,11', NULL),
(114, 'Aaron_Tiernan41', 'Aaron', 'Tiernan', '$2y$10$rSH5/pProZcZJjv11W9/2u/rX8jgbE4p832d3/tscuTKzRlZsm4lW', 'Aaron_Tiernan41@gmail.com', NULL, 'iranian', 'management', 'wilmslow Park', 'Hey, my name is Aaron Tiernan, I am studying management, and I am going to live at wilmslow Park. Any fellow iranians want to meet up?', 0, '4,6', NULL),
(115, 'Larry_Celedon29', 'Larry', 'Celedon', '$2y$10$9shD1XhVLZLmdp6tMx9uo.PaIVA.YV5hBSmNhFsLNHFBYowaqMT7y', 'Larry_Celedon29@gmail.com', NULL, 'comoran', 'molecular Biology', 'rusholme Place', 'Hey, my name is Larry Celedon, I am studying molecular Biology, and I am going to live at rusholme Place. Any fellow comorans want to meet up?', 0, '8,12,2,13', NULL),
(116, 'Hal_Jurgenson31', 'Hal', 'Jurgenson', '$2y$10$jaddZRYtRpqNjs.QthWvA.pPtNWnWBWWI/y7OVAz7pyjSelTYvXXK', 'Hal_Jurgenson31@gmail.com', NULL, 'macedonian', 'oral Health Science', 'uttley House', 'Hey, my name is Hal Jurgenson, I am studying oral Health Science, and I am going to live at uttley House. Any fellow macedonians want to meet up?', 0, '9,10', NULL),
(117, 'Monte_Olson97', 'Monte', 'Olson', '$2y$10$e6vxSuxs.7kREzEIPY5n.eR4UTyLArW2z3c6nPS5.9ui60Zou3EFO', 'Monte_Olson97@gmail.com', NULL, 'finnish', 'politics, Philosophy and Economics', 'hulme Hall', 'Hey, my name is Monte Olson, I am studying politics, Philosophy and Economics, and I am going to live at hulme Hall. Any fellow finnishs want to meet up?', 0, '8,1,14,16,10', NULL),
(118, 'David_Schuster83', 'David', 'Schuster', '$2y$10$yt/YoGINSu0JdPEpL4rcH.H4jctYpiZ8He6scQ3DTnc7bbWqD31em', 'David_Schuster83@gmail.com', NULL, 'turkish', 'medical Biochemistry', 'ashburne Hall', 'Hey, my name is David Schuster, I am studying medical Biochemistry, and I am going to live at ashburne Hall. Any fellow turkishs want to meet up?', 0, '2,10', NULL),
(119, 'Larry_Illingsworth69', 'Larry', 'Illingsworth', '$2y$10$NzqTmsxNWfiVgbzO/sEXpuZ2u4K3a850KWZpY4NT3oI34r8rYPFEK', 'Larry_Illingsworth69@gmail.com', NULL, 'moroccan', 'philosophy', 'ashburne Hall', 'Hey, my name is Larry Illingsworth, I am studying philosophy, and I am going to live at ashburne Hall. Any fellow moroccans want to meet up?', 0, '11,3', NULL),
(120, 'David_Root25', 'David', 'Root', '$2y$10$kLVEm3x2LF3dtILCNzeA/eXIs3qdlGh2LNOVjjH2K8UOtAbYgZOiW', 'David_Root25@gmail.com', NULL, 'japanese', 'egyptology', 'richmond Park', 'Hey, my name is David Root, I am studying egyptology, and I am going to live at richmond Park. Any fellow japaneses want to meet up?', 0, '1,13,5,10', NULL),
(121, 'Peter_Orwig70', 'Peter', 'Orwig', '$2y$10$0mD5YzF0fRMtf44AJ6bSh.8Ngwdu0WBak2qnBguVkkHNXwKkMLXWK', 'Peter_Orwig70@gmail.com', NULL, 'somali', 'comparative Religion and Social Anthropology', 'canterbury Court', 'Hey, my name is Peter Orwig, I am studying comparative Religion and Social Anthropology, and I am going to live at canterbury Court. Any fellow somalis want to meet up?', 0, '9,15,3,1', NULL),
(122, 'Jack_Schickowski2', 'Jack', 'Schickowski', '$2y$10$G9F6c0H5CbQmqFUQ4zm2Ruzv0R3Dyj/sKALE/kEwza07ll6Hs..d.', 'Jack_Schickowski2@gmail.com', NULL, 'congolese', 'electronic Engineering ', 'whitworth Park', 'Hey, my name is Jack Schickowski, I am studying electronic Engineering , and I am going to live at whitworth Park. Any fellow congoleses want to meet up?', 0, '4,14', NULL),
(123, 'Roger_Chapman89', 'Roger', 'Chapman', '$2y$10$BkjpQi6aTk0t2Vx4Fl03NuPmR9848ejkNOiSnJOAgQ56fny5kemB2', 'Roger_Chapman89@gmail.com', NULL, 'tanzanian', 'management', 'brook Hall', 'Hey, my name is Roger Chapman, I am studying management, and I am going to live at brook Hall. Any fellow tanzanians want to meet up?', 0, '3', NULL),
(124, 'Carl_Wagle12', 'Carl', 'Wagle', '$2y$10$dpK/NrKKlNJZ50SjNL6agu7TPXYDjCz9TX74SVA1Gsr8QnOVDKKm6', 'Carl_Wagle12@gmail.com', NULL, 'scottish', 'ancient History', 'ashburne Hall', 'Hey, my name is Carl Wagle, I am studying ancient History, and I am going to live at ashburne Hall. Any fellow scottishs want to meet up?', 0, '3,15', NULL),
(125, 'Adam_Duffman61', 'Adam', 'Duffman', '$2y$10$LPG.m01Qf8Aese1r1Mm8begLnS0QXcycEMhKTVwnACZggaQc5bi4C', 'Adam_Duffman61@gmail.com', NULL, 'scottish', 'educational Psychology', 'brook Hall', 'Hey, my name is Adam Duffman, I am studying educational Psychology, and I am going to live at brook Hall. Any fellow scottishs want to meet up?', 0, '8', NULL),
(126, 'Hal_Ortiz66', 'Hal', 'Ortiz', '$2y$10$HFOpeU096vl68rV2nZVBEuthOKNVY.Xe.u5ehycSIa7GqQvxhYtDu', 'Hal_Ortiz66@gmail.com', NULL, 'filipino', 'mental Health Nursing ', 'george Kenyon Hall', 'Hey, my name is Hal Ortiz, I am studying mental Health Nursing , and I am going to live at george Kenyon Hall. Any fellow filipinos want to meet up?', 0, '7,1,6,11', NULL),
(127, 'Ty_Hydinger95', 'Ty', 'Hydinger', '$2y$10$123ONH1J5Q0BHaLn69BXzuthofOlNjMVLZwbXqSPltpAJ5bD46gcu', 'Ty_Hydinger95@gmail.com', NULL, 'chadian', 'Theology and Ethics', 'rusholme Place', 'Hey, my name is Ty Hydinger, I am studying Theology and Ethics, and I am going to live at rusholme Place. Any fellow chadians want to meet up?', 0, '14,15,11', NULL),
(128, 'Thomas_Eastman19', 'Thomas', 'Eastman', '$2y$10$oXmqhta7ILSnPyh/zoatJOMLZ3XmG0m7mIHNpWqjnkNBkawyGPhxK', 'Thomas_Eastman19@gmail.com', NULL, 'mexican', 'history  of Art', 'unsworth Park', 'Hey, my name is Thomas Eastman, I am studying history  of Art, and I am going to live at unsworth Park. Any fellow mexicans want to meet up?', 0, '8,15', NULL),
(129, 'Tim_Martin4', 'Tim', 'Martin', '$2y$10$zEOixfDMmiAUzRCgP9ybqezQ2ajTbGebLLI0z14oqR0IQKpEqsJJ.', 'Tim_Martin4@gmail.com', NULL, 'bahraini', 'adult Nursing', 'oak House', 'Hey, my name is Tim Martin, I am studying adult Nursing, and I am going to live at oak House. Any fellow bahrainis want to meet up?', 0, '3', NULL),
(130, 'Dan_Caswell16', 'Dan', 'Caswell', '$2y$10$ADG5C/cGOrPeu.MEZ57A2.CfE2kPdcMHusYoalnz12cjMb8Fr/K2a', 'Dan_Caswell16@gmail.com', NULL, 'guinean', 'management', 'richmond Park', 'Hey, my name is Dan Caswell, I am studying management, and I am going to live at richmond Park. Any fellow guineans want to meet up?', 0, '14,11,6,5', NULL),
(131, 'Walter_Ory40', 'Walter', 'Ory', '$2y$10$IxjoitePeVKZLQpjE/cRT.nerhWkvj4jgpWO6iFR6sv5j5VvH12JO', 'Walter_Ory40@gmail.com', NULL, 'mosotho', 'education', 'canterbury Court', 'Hey, my name is Walter Ory, I am studying education, and I am going to live at canterbury Court. Any fellow mosothos want to meet up?', 0, '4,9,11', NULL),
(132, 'Monte_Chambers33', 'Monte', 'Chambers', '$2y$10$xzovZisE60YOkPj.6RR3ie3nEsMQFZUscpV2S83LKg6Mmhk1FFWxS', 'Monte_Chambers33@gmail.com', NULL, 'malian', 'medicine', 'rusholme Place', 'Hey, my name is Monte Chambers, I am studying medicine, and I am going to live at rusholme Place. Any fellow malians want to meet up?', 0, '15', NULL),
(133, 'Jack_Wagner3', 'Jack', 'Wagner', '$2y$10$6NXYXJx1/z2LvbrEoZC.ReYa1nV67UdFbT3byAnbgNNIQHIm9JO42', 'Jack_Wagner3@gmail.com', NULL, 'djibouti', 'mechanical Engineering', 'wilmslow Park', 'Hey, my name is Jack Wagner, I am studying mechanical Engineering, and I am going to live at wilmslow Park. Any fellow djiboutis want to meet up?', 0, '11,7', NULL),
(134, 'Ike_Wagle66', 'Ike', 'Wagle', '$2y$10$g7hmhNAeI/lMrFkP89/3Iu3KuKkLyScPVGh4mtKH6mb9AdpgFYgBy', 'Ike_Wagle66@gmail.com', NULL, 'trinidadian or tobagonian', 'history  of Art', 'oak House', 'Hey, my name is Ike Wagle, I am studying history  of Art, and I am going to live at oak House. Any fellow trinidadian or tobagonians want to meet up?', 0, '2,11', NULL),
(135, 'John_Cast45', 'John', 'Cast', '$2y$10$zIEnxYmtxQNL/CTkrR9pB.U6smSIrpyqCghfmNStvemItM3O.Wpme', 'John_Cast45@gmail.com', NULL, 'honduran', 'plant Science', 'canterbury Court', 'Hey, my name is John Cast, I am studying plant Science, and I am going to live at canterbury Court. Any fellow hondurans want to meet up?', 0, '6,10,3', NULL),
(136, 'Matthew_Kalleg72', 'Matthew', 'Kalleg', '$2y$10$wjIl/GU15.x9XlL/YaWaJubISEy1ggOy9fkC3mtBq0Ozs7qB71cUW', 'Matthew_Kalleg72@gmail.com', NULL, 'mexican', 'life Sciences', 'wilmslow Park', 'Hey, my name is Matthew Kalleg, I am studying life Sciences, and I am going to live at wilmslow Park. Any fellow mexicans want to meet up?', 0, '7', NULL),
(137, 'Edward_Stahl44', 'Edward', 'Stahl', '$2y$10$qh9NmQNl7JN3wMTJnOQf4u66L9rtQvZMVsLpyYOehcwxKW9pmVIjO', 'Edward_Stahl44@gmail.com', NULL, 'romanian', 'biomedical Sciences', 'weston Hall', 'Hey, my name is Edward Stahl, I am studying biomedical Sciences, and I am going to live at weston Hall. Any fellow romanians want to meet up?', 0, '7', NULL),
(138, 'Thomas_Aikin98', 'Thomas', 'Aikin', '$2y$10$Gqj8B2Z1eTVrPSpjn.49u.9Zp8xmf8204GqJ0wwzdZ7PS647G6jXa', 'Thomas_Aikin98@gmail.com', NULL, 'venezuelan', 'speech and Language Therapy', 'richmond Park', 'Hey, my name is Thomas Aikin, I am studying speech and Language Therapy, and I am going to live at richmond Park. Any fellow venezuelans want to meet up?', 0, '9,7,14,3', NULL),
(139, 'Adam_Cataldi43', 'Adam', 'Cataldi', '$2y$10$GT/hIn8Yhocz0PIu1vGgQuh7QFCHpgGRGVO02mDCPU6TO53CvirUy', 'Adam_Cataldi43@gmail.com', NULL, 'bruneian', 'electronic Engineering ', 'sheavyn House', 'Hey, my name is Adam Cataldi, I am studying electronic Engineering , and I am going to live at sheavyn House. Any fellow bruneians want to meet up?', 0, '14', NULL);
INSERT INTO `user_info` (`user_id`, `username`, `firstname`, `lastname`, `hashed_password`, `email_address`, `phone_number`, `nationality`, `course`, `accommodation`, `biography`, `private_account`, `hobbies`, `tasks`) VALUES
(140, 'Frank_Sandstrom9', 'Frank', 'Sandstrom', '$2y$10$JB53HCYtpTuitCVZ.hSF6ev4Wv06rEl5Y4/m5gPOdhO4zSXIHXi.6', 'Frank_Sandstrom9@gmail.com', NULL, 'french', 'education', 'uttley House', 'Hey, my name is Frank Sandstrom, I am studying education, and I am going to live at uttley House. Any fellow frenchs want to meet up?', 0, '9,15,1,3', NULL),
(141, 'Ben_Linde96', 'Ben', 'Linde', '$2y$10$8/AVubCYGnNWR9y1Hn5dB.3IeBhp5EnyOy7wF5G/FFMtLmpN1VRxe', 'Ben_Linde96@gmail.com', NULL, 'palauan', 'art History', 'richmond Park', 'Hey, my name is Ben Linde, I am studying art History, and I am going to live at richmond Park. Any fellow palauans want to meet up?', 0, '10,11,13', NULL),
(142, 'Carl_Aikin46', 'Carl', 'Aikin', '$2y$10$nm1s6OhZNEFDEEGOWhLCg.pVXdi3pZ/xmq6woR4GyHd7//cVfr8.O', 'Carl_Aikin46@gmail.com', NULL, 'japanese', 'microbiology', 'whitworth Park', 'Hey, my name is Carl Aikin, I am studying microbiology, and I am going to live at whitworth Park. Any fellow japaneses want to meet up?', 0, '11', NULL),
(143, 'Walter_Vanderpoel73', 'Walter', 'Vanderpoel', '$2y$10$yDfYtjAFaItY8g1PvL0uK.g92NFQwlmoybCSCB1DrgyAZbH3YVKSS', 'Walter_Vanderpoel73@gmail.com', NULL, 'new zealander', 'geography', 'st Anselm Hall', 'Hey, my name is Walter Vanderpoel, I am studying geography, and I am going to live at st Anselm Hall. Any fellow new zealanders want to meet up?', 0, '6,2,15', NULL),
(144, 'Roger_Cast25', 'Roger', 'Cast', '$2y$10$YA3zOCMPTc1NM/pB.vhbIO3HGt.TJ4gIMTYzV2scOB2PJ8Sf1ifZK', 'Roger_Cast25@gmail.com', NULL, 'namibian', 'art History', 'denmark Road', 'Hey, my name is Roger Cast, I am studying art History, and I am going to live at denmark Road. Any fellow namibians want to meet up?', 0, '16,3,11', NULL),
(145, 'Roger_Tisler39', 'Roger', 'Tisler', '$2y$10$hjZEG7v5bG3e86rjiJi8wef4QyTfe4uLDdCcPGWP2qmoEEBLDYpdG', 'Roger_Tisler39@gmail.com', NULL, 'ni-vanuatu', 'medical Biochemistry', 'wilmslow Park', 'Hey, my name is Roger Tisler, I am studying medical Biochemistry, and I am going to live at wilmslow Park. Any fellow ni-vanuatus want to meet up?', 0, '2,9,15,5', NULL),
(146, 'Ty_Resnick82', 'Ty', 'Resnick', '$2y$10$MqgvJGnBcDcLFcgbDs01/uUpJqZFL7UNYr0hJj0ASpxKtFFeUkNDW', 'Ty_Resnick82@gmail.com', NULL, 'bangladeshi', 'microbiology', 'woolton Hall', 'Hey, my name is Ty Resnick, I am studying microbiology, and I am going to live at woolton Hall. Any fellow bangladeshis want to meet up?', 0, '1,4,7,3,15', NULL),
(147, 'Thomas_Tandy8', 'Thomas', 'Tandy', '$2y$10$j8RWny9qhyDHCmakltH1G./4xBW/KOqDmXiEVSvZHnmGYAI94JlDy', 'Thomas_Tandy8@gmail.com', NULL, 'mosotho', 'speech and Language Therapy', 'denmark Road', 'Hey, my name is Thomas Tandy, I am studying speech and Language Therapy, and I am going to live at denmark Road. Any fellow mosothos want to meet up?', 0, '10', NULL),
(148, 'Mark_Bowers16', 'Mark', 'Bowers', '$2y$10$5v3NfjEEKZR1TOdmz87eGO.eII8nO3RszoYMDnpV4qiHSM4R3w2s.', 'Mark_Bowers16@gmail.com', NULL, 'afghan', 'arabic Studies', 'denmark Road', 'Hey, my name is Mark Bowers, I am studying arabic Studies, and I am going to live at denmark Road. Any fellow afghans want to meet up?', 0, '14,5,12', NULL),
(149, 'Roger_Ebner3', 'Roger', 'Ebner', '$2y$10$HFBBpRMzZGeyLtgsa9yEV.mRVS3VA87LhObdjuhFpLHFx9JDIsdWu', 'Roger_Ebner3@gmail.com', NULL, 'luxembourger', 'philosophy', 'whitworth Park', 'Hey, my name is Roger Ebner, I am studying philosophy, and I am going to live at whitworth Park. Any fellow luxembourgers want to meet up?', 0, '6,14,7', NULL),
(150, 'Matthew_Casal53', 'Matthew', 'Casal', '$2y$10$H0XwI9uKDc7u1vTZtMUKIeVvJIn.cvE.9F0Xh/Y3/RtWywl/b.zDi', 'Matthew_Casal53@gmail.com', NULL, 'albanian', 'egyptology', 'denmark Road', 'Hey, my name is Matthew Casal, I am studying egyptology, and I am going to live at denmark Road. Any fellow albanians want to meet up?', 0, '3,7,10,4', NULL),
(151, 'Peter_Jagtap78', 'Peter', 'Jagtap', '$2y$10$/pi.uvlfnsek8IGh8eYymexFVTelS3lQmevrHbWXzokIC.20GtlPq', 'Peter_Jagtap78@gmail.com', NULL, 'swedish', 'aerospace Engineering', 'whitworth Park', 'Hey, my name is Peter Jagtap, I am studying aerospace Engineering, and I am going to live at whitworth Park. Any fellow swedishs want to meet up?', 0, '1,14,10', NULL),
(152, 'Roger_Schmitt54', 'Roger', 'Schmitt', '$2y$10$XOamIA6buBWT2uhFswd1HuYHOsUu78.8.k0qZj7uu843d2wPJEXQS', 'Roger_Schmitt54@gmail.com', NULL, 'welsh', 'fashion Buying and Merchandising', 'brook Hall', 'Hey, my name is Roger Schmitt, I am studying fashion Buying and Merchandising, and I am going to live at brook Hall. Any fellow welshs want to meet up?', 0, '15,2', NULL),
(153, 'Victor_Kassing36', 'Victor', 'Kassing', '$2y$10$kO4bhetGGzBM0jrzioZOiOMHC.xMxqwj1cA2jUJhEDmI95ZjOvdJ.', 'Victor_Kassing36@gmail.com', NULL, 'peruvian', 'mathematics', 'denmark Road', 'Hey, my name is Victor Kassing, I am studying mathematics, and I am going to live at denmark Road. Any fellow peruvians want to meet up?', 0, '5,4,13', NULL),
(154, 'Aaron_Cannon31', 'Aaron', 'Cannon', '$2y$10$Vb1/aXLRUn.WewQcXFpOzuqw0SMKC3qQdr/6YdxpmQB85D3sTor/.', 'Aaron_Cannon31@gmail.com', NULL, 'british', 'psychology', 'canterbury Court', 'Hey, my name is Aaron Cannon, I am studying psychology, and I am going to live at canterbury Court. Any fellow britishs want to meet up?', 0, '6,11,7,13', NULL),
(155, 'Frank_Ulrich71', 'Frank', 'Ulrich', '$2y$10$d2DJEr5RwS7QDi6pTg7qx.sqVTRORTLSKZ7PHJTIumf4wJGMpVyn2', 'Frank_Ulrich71@gmail.com', NULL, 'chadian', 'finance Econ', 'dalton-Ellis Hall', 'Hey, my name is Frank Ulrich, I am studying finance Econ, and I am going to live at dalton-Ellis Hall. Any fellow chadians want to meet up?', 0, '11,1,6', NULL),
(156, 'Frank_Casal15', 'Frank', 'Casal', '$2y$10$Y3D3yR9cDDaUdyqXLBxBVeJewoSB235.zZ4Yru4jcj1eeu4gc/jSm', 'Frank_Casal15@gmail.com', NULL, 'albanian', 'sociology', 'woolton Hall', 'Hey, my name is Frank Casal, I am studying sociology, and I am going to live at woolton Hall. Any fellow albanians want to meet up?', 0, '4,5,8', NULL),
(157, 'Edward_Tisler100', 'Edward', 'Tisler', '$2y$10$byiiAsaGXp8gdtulnCMybevB4RLQM/nnAuG/7bS3I50Jzl/UgIvoq', 'Edward_Tisler100@gmail.com', NULL, 'peruvian', 'geography', 'dalton-Ellis Hall', 'Hey, my name is Edward Tisler, I am studying geography, and I am going to live at dalton-Ellis Hall. Any fellow peruvians want to meet up?', 0, '14,15', NULL),
(158, 'Hank_Schutz34', 'Hank', 'Schutz', '$2y$10$s/DG8fwNayIV.RJ.auqW.e2t6b.PfthEmYAmjdNjJ0gb6DgRLdoYO', 'Hank_Schutz34@gmail.com', NULL, 'honduran', 'east Asian Studies', 'horniman House', 'Hey, my name is Hank Schutz, I am studying east Asian Studies, and I am going to live at horniman House. Any fellow hondurans want to meet up?', 0, '7,1,10,2', NULL),
(159, 'Paul_Ingram80', 'Paul', 'Ingram', '$2y$10$x15nJW/LD2uGINP4PZXIz.WuNfWrqCENHaB2wADDSr/VezhKpyTLq', 'Paul_Ingram80@gmail.com', NULL, 'sierra leonean', 'fashion Management', 'uttley House', 'Hey, my name is Paul Ingram, I am studying fashion Management, and I am going to live at uttley House. Any fellow sierra leoneans want to meet up?', 0, '2', NULL),
(160, 'Victor_Paiser11', 'Victor', 'Paiser', '$2y$10$3eGje0rbSXVjRU.h8qBsneAtDDFq2mXiLt7.06K0YSPfCAoVruhcC', 'Victor_Paiser11@gmail.com', NULL, 'algerian', 'german Studies', 'brook Hall', 'Hey, my name is Victor Paiser, I am studying german Studies, and I am going to live at brook Hall. Any fellow algerians want to meet up?', 0, '8', NULL),
(161, 'Adam_Ebner76', 'Adam', 'Ebner', '$2y$10$yGwImVvv7PrtCyL87N.biO13U0nOIm3UeqgcqAA9pdcKX9b/f0xH2', 'Adam_Ebner76@gmail.com', NULL, 'somali', 'accounting', 'canterbury Court', 'Hey, my name is Adam Ebner, I am studying accounting, and I am going to live at canterbury Court. Any fellow somalis want to meet up?', 0, '11', NULL),
(162, 'Peter_Fietzer82', 'Peter', 'Fietzer', '$2y$10$XLlwKbhGDz.DgsoTNqE2Y.Okf0lFJNJgIHtAb5EfsIHODc5qVlRQ6', 'Peter_Fietzer82@gmail.com', NULL, 'laotian', 'plant Science', 'canterbury Court', 'Hey, my name is Peter Fietzer, I am studying plant Science, and I am going to live at canterbury Court. Any fellow laotians want to meet up?', 0, '9,4', NULL),
(163, 'Ty_Darnell51', 'Ty', 'Darnell', '$2y$10$8Qs.JW/wwzsgdjBYiNdnI.cuqWqlkxiF21oHSNWaO3HDS6CbPc43e', 'Ty_Darnell51@gmail.com', NULL, 'afghan', 'environmental Management', 'horniman House', 'Hey, my name is Ty Darnell, I am studying environmental Management, and I am going to live at horniman House. Any fellow afghans want to meet up?', 0, '7,3,6', NULL),
(164, 'John_Mccord38', 'John', 'Mccord', '$2y$10$EyHNHXUNamQQdeO/6XD9FeLd0xcTxuPtIHVzUHDLHr4Puzd.vkXnG', 'John_Mccord38@gmail.com', NULL, 'filipino', 'linguistics', 'uttley House', 'Hey, my name is John Mccord, I am studying linguistics, and I am going to live at uttley House. Any fellow filipinos want to meet up?', 0, '13,9', NULL),
(165, 'Fred_Jenson89', 'Fred', 'Jenson', '$2y$10$ubUyQ5pO9e.0Yt8hCGW4POOZOM.Me7QXS/3MaD59.UGsDgivbktr.', 'Fred_Jenson89@gmail.com', NULL, 'trinidadian or tobagonian', 'immunology', 'canterbury Court', 'Hey, my name is Fred Jenson, I am studying immunology, and I am going to live at canterbury Court. Any fellow trinidadian or tobagonians want to meet up?', 0, '13,12', NULL),
(166, 'Steve_Fletcher26', 'Steve', 'Fletcher', '$2y$10$lSKiyf5qgrJljrr4ZQSqwODQZ9dERyleMTqpWom6tueavToVUSXTK', 'Steve_Fletcher26@gmail.com', NULL, 'venezuelan', 'french Studies', 'oak House', 'Hey, my name is Steve Fletcher, I am studying french Studies, and I am going to live at oak House. Any fellow venezuelans want to meet up?', 0, '14,5', NULL),
(167, 'Roger_Sellon41', 'Roger', 'Sellon', '$2y$10$M/WJGeVgg6Hx/tq3sKGZDOGLwm.u7R3iMSjxEOKQUoWgp79.hstpa', 'Roger_Sellon41@gmail.com', NULL, 'american', 'life Sciences', 'sheavyn House', 'Hey, my name is Roger Sellon, I am studying life Sciences, and I am going to live at sheavyn House. Any fellow americans want to meet up?', 0, '12', NULL),
(168, 'Victor_Nelson30', 'Victor', 'Nelson', '$2y$10$lESbgdGtQ84n398xBnOALu0u7OVQvqJ0KPdgeKnpC9ySakrcJpE2C', 'Victor_Nelson30@gmail.com', NULL, 'mozambican', 'geography', 'woolton Hall', 'Hey, my name is Victor Nelson, I am studying geography, and I am going to live at woolton Hall. Any fellow mozambicans want to meet up?', 0, '10,8,15,7,6', NULL),
(169, 'David_Vogal32', 'David', 'Vogal', '$2y$10$pYqFRSwK.mXkVgNfcNHYNuTbADRKPZQ9J.wWzaeG5MiY6HuVTkvLe', 'David_Vogal32@gmail.com', NULL, 'bosnian', 'biology', 'unsworth Park', 'Hey, my name is David Vogal, I am studying biology, and I am going to live at unsworth Park. Any fellow bosnians want to meet up?', 0, '14,11,2', NULL),
(170, 'Edward_Cataldi95', 'Edward', 'Cataldi', '$2y$10$TvwrF4kySZq3/UoasUFlsu3RFbTS6F9XsWMdiLwWB49IAsesUymaS', 'Edward_Cataldi95@gmail.com', NULL, 'guinea-bissauan', 'children\'s Nursing', 'canterbury Court', 'Hey, my name is Edward Cataldi, I am studying children\'s Nursing, and I am going to live at canterbury Court. Any fellow guinea-bissauans want to meet up?', 0, '13', NULL),
(171, 'Roger_Myers98', 'Roger', 'Myers', '$2y$10$IqBE/j00.W8p6ilF10bubeS1tBR6UhKYqOxIsXQYp56WK1O7TsOBi', 'Roger_Myers98@gmail.com', NULL, 'bolivian', 'earth and Planetary Sciences', 'whitworth Park', 'Hey, my name is Roger Myers, I am studying earth and Planetary Sciences, and I am going to live at whitworth Park. Any fellow bolivians want to meet up?', 0, '14,10', NULL),
(172, 'David_Fletcher20', 'David', 'Fletcher', '$2y$10$lsBVc3PSCrN3Bvs3F6cKSOEp79q/z/YQOFIWc/P14W9hvz2Hquq06', 'David_Fletcher20@gmail.com', NULL, 'macedonian', 'history', 'george Kenyon Hall', 'Hey, my name is David Fletcher, I am studying history, and I am going to live at george Kenyon Hall. Any fellow macedonians want to meet up?', 0, '11,16,4', NULL),
(173, 'Adam_Norquist1', 'Adam', 'Norquist', '$2y$10$QfiQgt6hR067KQ0MT8vD4OsTUQMEj99W6XZaCcR2GJ18/NSShrb6i', 'Adam_Norquist1@gmail.com', NULL, 'burmese', 'education', 'burkhardt House', 'Hey, my name is Adam Norquist, I am studying education, and I am going to live at burkhardt House. Any fellow burmeses want to meet up?', 0, '15', NULL),
(174, 'Frank_Darnell96', 'Frank', 'Darnell', '$2y$10$QyNrg6boUV0muBuMrXGJUeik7ZIH/m54DCcEJwX2ugLaRM.7N9NcG', 'Frank_Darnell96@gmail.com', NULL, 'mongolian', 'social Anthropology', 'horniman House', 'Hey, my name is Frank Darnell, I am studying social Anthropology, and I am going to live at horniman House. Any fellow mongolians want to meet up?', 0, '11,12', NULL),
(175, 'John_Reardon18', 'John', 'Reardon', '$2y$10$DG2JvwgTJegc8gKvum5upOnENbRm0JC30a/tz6L/xHafWh/JV5uMS', 'John_Reardon18@gmail.com', NULL, 'welsh', 'modern History with Economics', 'weston Hall', 'Hey, my name is John Reardon, I am studying modern History with Economics, and I am going to live at weston Hall. Any fellow welshs want to meet up?', 0, '3,12,2', NULL),
(176, 'Carl_Jagtap24', 'Carl', 'Jagtap', '$2y$10$DcFJ4A0R9g1D/uXl19uZ2eljINn4FO..TDuYO/A/yulWbJ8fCqd/i', 'Carl_Jagtap24@gmail.com', NULL, 'norwegian', 'architecture', 'rusholme Place', 'Hey, my name is Carl Jagtap, I am studying architecture, and I am going to live at rusholme Place. Any fellow norwegians want to meet up?', 0, '10,14,4', NULL),
(177, 'Victor_Rogers19', 'Victor', 'Rogers', '$2y$10$1t8E.rXePWbWfWx8Caor7ux1aaCto91poM8usmZJk1Fyec3j2XAIi', 'Victor_Rogers19@gmail.com', NULL, 'cuban', 'social Anthropology', 'unsworth Park', 'Hey, my name is Victor Rogers, I am studying social Anthropology, and I am going to live at unsworth Park. Any fellow cubans want to meet up?', 0, '2,11', NULL),
(178, 'Otto_Irwin7', 'Otto', 'Irwin', '$2y$10$IxgdFS/cN3NlW.r/Xna.2.JS3t47IOKSZmOqN2YyL2JFfKjpNIq..', 'Otto_Irwin7@gmail.com', NULL, 'ugandan', 'egyptology', 'burkhardt House', 'Hey, my name is Otto Irwin, I am studying egyptology, and I am going to live at burkhardt House. Any fellow ugandans want to meet up?', 0, '11,12,13,15', NULL),
(179, 'Hal_Wakefield36', 'Hal', 'Wakefield', '$2y$10$eaW/Itj/nDk.kNwc4vWsLOqaS3YlqPsJDFjcp3hOjOYtS3a2OTCUe', 'Hal_Wakefield36@gmail.com', NULL, 'zimbabwean', 'international Business, Finance and Economic ', 'rusholme Place', 'Hey, my name is Hal Wakefield, I am studying international Business, Finance and Economic , and I am going to live at rusholme Place. Any fellow zimbabweans want to meet up?', 0, '15', NULL),
(180, 'Adam_Hoffman53', 'Adam', 'Hoffman', '$2y$10$mYP6Dw2/FZdTin1AklclJOEu5pfXN0T2L138FFl9MCQmgrygXs2Rm', 'Adam_Hoffman53@gmail.com', NULL, 'canadian', 'mechanical Engineering', 'ashburne Hall', 'Hey, my name is Adam Hoffman, I am studying mechanical Engineering, and I am going to live at ashburne Hall. Any fellow canadians want to meet up?', 0, '16,2,7,6,3', NULL),
(181, 'Larry_Upson24', 'Larry', 'Upson', '$2y$10$IfVgmXV/EADRVQ02tyywmequkhzKFoFUPEAAmQP.MVZcdYi/Lg00y', 'Larry_Upson24@gmail.com', NULL, 'guinea-bissauan', 'fashion Marketing', 'dalton-Ellis Hall', 'Hey, my name is Larry Upson, I am studying fashion Marketing, and I am going to live at dalton-Ellis Hall. Any fellow guinea-bissauans want to meet up?', 0, '12,6', NULL),
(182, 'Frank_Soloman10', 'Frank', 'Soloman', '$2y$10$qUKjjtD/Sf112arNb0pZI.ul0c0Bp0Q.iRsfMwesxW.c0C4COsx96', 'Frank_Soloman10@gmail.com', NULL, 'nepalese', 'cognitive Neuroscience and Psychology', 'uttley House', 'Hey, my name is Frank Soloman, I am studying cognitive Neuroscience and Psychology, and I am going to live at uttley House. Any fellow nepaleses want to meet up?', 0, '1,16', NULL),
(183, 'Tim_Vader74', 'Tim', 'Vader', '$2y$10$stIRGJVfjvaHELs8wLQVa.rpKsn78QTXBl3zI7BghuD1FCyfIOdXa', 'Tim_Vader74@gmail.com', NULL, 'albanian', 'zoology', 'george Kenyon Hall', 'Hey, my name is Tim Vader, I am studying zoology, and I am going to live at george Kenyon Hall. Any fellow albanians want to meet up?', 0, '6', NULL),
(184, 'Nathan_Doran53', 'Nathan', 'Doran', '$2y$10$Xw5wp/dNuIsuLLcgk/S5heFJqT0lghPGBJVFDNsfdZ.AjZEh9iNda', 'Nathan_Doran53@gmail.com', NULL, 'djibouti', 'international Business, Finance and Economic ', 'whitworth Park', 'Hey, my name is Nathan Doran, I am studying international Business, Finance and Economic , and I am going to live at whitworth Park. Any fellow djiboutis want to meet up?', 0, '10,6', NULL),
(185, 'Tim_Paiser96', 'Tim', 'Paiser', '$2y$10$ViG/KUWBRvUb2MjeBT.yL.xLVfwU0uxhNPYRxWbFM0mhV6QTOnf7a', 'Tim_Paiser96@gmail.com', NULL, 'grenadian', 'archaeology', 'dalton-Ellis Hall', 'Hey, my name is Tim Paiser, I am studying archaeology, and I am going to live at dalton-Ellis Hall. Any fellow grenadians want to meet up?', 0, '12,16,10,6,9', NULL),
(186, 'Monte_Casal23', 'Monte', 'Casal', '$2y$10$vY7y7Rxr2miRVHccK3ktF.XG4M9v0uL8vbNU/KmoG7bf1SujFU2.C', 'Monte_Casal23@gmail.com', NULL, 'northern irish', 'physics', 'wilmslow Park', 'Hey, my name is Monte Casal, I am studying physics, and I am going to live at wilmslow Park. Any fellow northern irishs want to meet up?', 0, '9', NULL),
(187, 'Nathan_Moody5', 'Nathan', 'Moody', '$2y$10$rRRA2wpoL3.jHCGGhnubXOKTUpRCJq9BLArpO59R83OP2imK/EN2C', 'Nathan_Moody5@gmail.com', NULL, 'salvadoran', NULL, 'canterbury Court', 'Hey, my name is Nathan Moody, I am studying , and I am going to live at canterbury Court. Any fellow salvadorans want to meet up?', 0, '11,4,10', NULL),
(188, 'Tim_Lewis36', 'Tim', 'Lewis', '$2y$10$orzzUGUjjYT49x.brd9USeBi9Q5YGSYjTuZ0i/OVpRedYYBosVOOW', 'Tim_Lewis36@gmail.com', NULL, 'singaporean', 'middle Eastern Studies', 'whitworth Park', 'Hey, my name is Tim Lewis, I am studying middle Eastern Studies, and I am going to live at whitworth Park. Any fellow singaporeans want to meet up?', 0, '5,14,15', NULL),
(189, 'Tim_Martin11', 'Tim', 'Martin', '$2y$10$xemp6wIRZrVXUwjJBlMexOTkbMQaFkG.NW6JVKpB3FrAW395zIVb.', 'Tim_Martin11@gmail.com', NULL, 'bosnian', 'international Disaster Management & Humanitaria', 'hulme Hall', 'Hey, my name is Tim Martin, I am studying international Disaster Management & Humanitaria, and I am going to live at hulme Hall. Any fellow bosnians want to meet up?', 0, '13,10', NULL),
(190, 'Paul_Wagle76', 'Paul', 'Wagle', '$2y$10$rQXIcTsyFaNHTqi9pveVAO2kMI5V81LZM8FaDBMl681gVDHGQxt2O', 'Paul_Wagle76@gmail.com', NULL, 'ethiopian', 'management', 'dalton-Ellis Hall', 'Hey, my name is Paul Wagle, I am studying management, and I am going to live at dalton-Ellis Hall. Any fellow ethiopians want to meet up?', 0, '1,16', NULL),
(191, 'Edward_Roberts36', 'Edward', 'Roberts', '$2y$10$6Bm3rG3V0/Xg7H98/ETWbuvH72YHxSTzA7ckis6U/4TtsOwlJSSMK', 'Edward_Roberts36@gmail.com', NULL, 'french', 'fashion Marketing', 'weston Hall', 'Hey, my name is Edward Roberts, I am studying fashion Marketing, and I am going to live at weston Hall. Any fellow frenchs want to meet up?', 0, '3,10,4,11', NULL),
(192, 'Hank_Ripka93', 'Hank', 'Ripka', '$2y$10$uKrYpnhDQtG47kbSIn3jo.l0d.2sS9XtDieWDmMMIJn2ntWzaZwxq', 'Hank_Ripka93@gmail.com', NULL, 'indian', 'religions', 'st Anselm Hall', 'Hey, my name is Hank Ripka, I am studying religions, and I am going to live at st Anselm Hall. Any fellow indians want to meet up?', 0, '2,11,15,9', NULL),
(193, 'Tim_Cannon48', 'Tim', 'Cannon', '$2y$10$LFnS86f.Cb3FkDl2oS/NOevkrqtDa0HSYPDBbr1umVKRnMMFxikI.', 'Tim_Cannon48@gmail.com', NULL, 'zambian', 'electrical, Electronic & Mechatronic Engineerin', 'richmond Park', 'Hey, my name is Tim Cannon, I am studying electrical, Electronic & Mechatronic Engineerin, and I am going to live at richmond Park. Any fellow zambians want to meet up?', 0, '1,2,6,4', NULL),
(194, 'Hank_Yang42', 'Hank', 'Yang', '$2y$10$J30OefhW/y6MqerjFC4opuuUZ.GmGJvgVgTpZd7VrPCADzFfB3EZC', 'Hank_Yang42@gmail.com', NULL, 'omani', 'drama', 'george Kenyon Hall', 'Hey, my name is Hank Yang, I am studying drama, and I am going to live at george Kenyon Hall. Any fellow omanis want to meet up?', 0, '1', NULL),
(195, 'Hank_Casal64', 'Hank', 'Casal', '$2y$10$4SzOxMmHaMwOEIuo4cQkvuiu2.OgL11Xi2V8.iTGX1Y1fNSCIBEXW', 'Hank_Casal64@gmail.com', NULL, 'jordanian', 'biology', 'st Anselm Hall', 'Hey, my name is Hank Casal, I am studying biology, and I am going to live at st Anselm Hall. Any fellow jordanians want to meet up?', 0, '16,13,2,12', NULL),
(196, 'Steve_Bongard36', 'Steve', 'Bongard', '$2y$10$0Ty52.x4/VXbCzpaeNUw0.dlTsHF113oNWpj.38OlD.NEzrloaaaW', 'Steve_Bongard36@gmail.com', NULL, 'seychellois', 'art History', 'hulme Hall', 'Hey, my name is Steve Bongard, I am studying art History, and I am going to live at hulme Hall. Any fellow seychelloiss want to meet up?', 0, '16,14,11', NULL),
(197, 'Ben_Mccord59', 'Ben', 'Mccord', '$2y$10$ROlPduqa24ef2/FGkJZi0OI0QOIYPz4l38sgAUQ87Gf06V1rIIm4a', 'Ben_Mccord59@gmail.com', NULL, 'belarusian', 'modern History and Politics', 'dalton-Ellis Hall', 'Hey, my name is Ben Mccord, I am studying modern History and Politics, and I am going to live at dalton-Ellis Hall. Any fellow belarusians want to meet up?', 0, '8,10,6,5', NULL),
(198, 'Roger_Roberts24', 'Roger', 'Roberts', '$2y$10$T1VWPBmmwMkDQ5VzQ6NB9uZcsvvvSv4SZydvrpwnkV/g5f5s0SO2K', 'Roger_Roberts24@gmail.com', NULL, 'new zealander', 'egyptology', 'sheavyn House', 'Hey, my name is Roger Roberts, I am studying egyptology, and I am going to live at sheavyn House. Any fellow new zealanders want to meet up?', 0, '11,15', NULL),
(199, 'Carl_Weinstein74', 'Carl', 'Weinstein', '$2y$10$c3kjQAKvPjiTdRCN31Pek.jjmnui.QuQfDL2J49FzqU9A8wemqaXy', 'Carl_Weinstein74@gmail.com', NULL, 'austrian', 'aerospace Engineering', 'denmark Road', 'Hey, my name is Carl Weinstein, I am studying aerospace Engineering, and I am going to live at denmark Road. Any fellow austrians want to meet up?', 0, '4,1', NULL),
(200, 'Mark_LePage21', 'Mark', 'LePage', '$2y$10$IORi2utEsxqJL8Oe5MSA2ObkZRnFUv184BsiYYK/BU7yadf8bkVJ6', 'Mark_LePage21@gmail.com', NULL, 'mauritian', 'fashion Marketing', 'dalton-Ellis Hall', 'Hey, my name is Mark LePage, I am studying fashion Marketing, and I am going to live at dalton-Ellis Hall. Any fellow mauritians want to meet up?', 0, '1,7,12', NULL),
(201, 'Larry_Miller77', 'Larry', 'Miller', '$2y$10$VR05we.UVmUSP8YadaBc5u/pi0V9hg/UGk0rWT6GfYjZIwb6Y1PGK', 'Larry_Miller77@gmail.com', NULL, 'mexican', 'liberal Arts', 'ashburne Hall', 'Hey, my name is Larry Miller, I am studying liberal Arts, and I am going to live at ashburne Hall. Any fellow mexicans want to meet up?', 0, '4,13,5,3', NULL),
(202, 'Adam_Dewalt3', 'Adam', 'Dewalt', '$2y$10$XWUg3dukIibBeUA.ZBewU.DQ.Bqinqsmtmg9ZTEl3KVFsc063Q/6K', 'Adam_Dewalt3@gmail.com', NULL, 'saudi', 'mechatronic Engineering', 'unsworth Park', 'Hey, my name is Adam Dewalt, I am studying mechatronic Engineering, and I am going to live at unsworth Park. Any fellow saudis want to meet up?', 0, '5', NULL),
(203, 'Matthew_Olson21', 'Matthew', 'Olson', '$2y$10$B3gxD//8FJsVkf4zQ880MuSDv5pv9uXPW21WmNHtS3J65mshWwvMa', 'Matthew_Olson21@gmail.com', NULL, 'omani', 'biotechnology', 'whitworth Park', 'Hey, my name is Matthew Olson, I am studying biotechnology, and I am going to live at whitworth Park. Any fellow omanis want to meet up?', 0, '14,5,12,15', NULL),
(204, 'Paul_Bateman73', 'Paul', 'Bateman', '$2y$10$1Gb2G0V6W8clkg5fDfE7/.ncNraLVUeZ6Or2wU0Sywvhn5aEAoMFC', 'Paul_Bateman73@gmail.com', NULL, 'mauritian', 'life Sciences', 'sheavyn House', 'Hey, my name is Paul Bateman, I am studying life Sciences, and I am going to live at sheavyn House. Any fellow mauritians want to meet up?', 0, '16,15', NULL),
(205, 'Ty_Bowers58', 'Ty', 'Bowers', '$2y$10$frAPfaDJCxfAsvgeFSwclul/matghtNKZumK8wCD6iBNLG0M3gnp2', 'Ty_Bowers58@gmail.com', NULL, 'surinamer', 'anatomical Sciences', 'horniman House', 'Hey, my name is Ty Bowers, I am studying anatomical Sciences, and I am going to live at horniman House. Any fellow surinamers want to meet up?', 0, '11,9,13', NULL),
(206, 'John_Olson73', 'John', 'Olson', '$2y$10$EG2KyQtdNAG6/aKbkkf7we514iShzu8OlX00uGl4NTaCvVjHR6hRy', 'John_Olson73@gmail.com', NULL, 'luxembourger', 'molecular Biology', 'st Anselm Hall', 'Hey, my name is John Olson, I am studying molecular Biology, and I am going to live at st Anselm Hall. Any fellow luxembourgers want to meet up?', 0, '8,7,9', NULL),
(207, 'Thomas_Kalleg30', 'Thomas', 'Kalleg', '$2y$10$ZiBxUGuqUAy3jBjYKS5gmO4A29iwSphtF.h.T6AIWjfXCre7GcBWS', 'Thomas_Kalleg30@gmail.com', NULL, 'welsh', 'optometry', 'uttley House', 'Hey, my name is Thomas Kalleg, I am studying optometry, and I am going to live at uttley House. Any fellow welshs want to meet up?', 0, '1,15,13', NULL),
(208, 'Dan_Jurgenson6', 'Dan', 'Jurgenson', '$2y$10$1ND1lQf4D8Ta9DRHPCBVX.iI7gSRlwk07OJU.7D6vdxVz13/RyaC6', 'Dan_Jurgenson6@gmail.com', NULL, 'cape verdean', 'arabic Studies', 'ashburne Hall', 'Hey, my name is Dan Jurgenson, I am studying arabic Studies, and I am going to live at ashburne Hall. Any fellow cape verdeans want to meet up?', 0, '12,2', NULL),
(209, 'Monte_Hancock75', 'Monte', 'Hancock', '$2y$10$DuLy76yM6JyhD9YXa2L5ZO5fkOnxxLLeU.kNAGBgDREVhfvWYuZB.', 'Monte_Hancock75@gmail.com', NULL, 'bangladeshi', 'chemistry', 'canterbury Court', 'Hey, my name is Monte Hancock, I am studying chemistry, and I am going to live at canterbury Court. Any fellow bangladeshis want to meet up?', 0, '16,1,14,8', NULL),
(210, 'Ben_Jones44', 'Ben', 'Jones', '$2y$10$loFNuNiq741VVvPiSdiMQOFBxhaDihTzR7clJidbHxC7v9VMd2z.u', 'Ben_Jones44@gmail.com', NULL, 'nauruan', 'mechatronic Engineering', 'ashburne Hall', 'Hey, my name is Ben Jones, I am studying mechatronic Engineering, and I am going to live at ashburne Hall. Any fellow nauruans want to meet up?', 0, '1,4', NULL),
(211, 'Joe_Weiss50', 'Joe', 'Weiss', '$2y$10$zRT1otqEm/GDH4YiYZmU1uyk6Wf7ZV.H/4R/IrgbTnqDITjOFNUPq', 'Joe_Weiss50@gmail.com', NULL, 'bolivian', 'educational Psychology', 'oak House', 'Hey, my name is Joe Weiss, I am studying educational Psychology, and I am going to live at oak House. Any fellow bolivians want to meet up?', 0, '4,2,3', NULL),
(212, 'Peter_Schiebel37', 'Peter', 'Schiebel', '$2y$10$K1NdayBlAM7GgkWb7vKgneamN8ze7LAlmTIUGlMPbua2COTIFZ1LO', 'Peter_Schiebel37@gmail.com', NULL, 'canadian', 'actuarial Science and Mathematics', 'woolton Hall', 'Hey, my name is Peter Schiebel, I am studying actuarial Science and Mathematics, and I am going to live at woolton Hall. Any fellow canadians want to meet up?', 0, '14,7,4', NULL),
(213, 'Roger_Maki2', 'Roger', 'Maki', '$2y$10$m4XeC7bsgV9d31isVkNML.sIbcUCkJLMoCRcYAlM0mj8wG4E18I1m', 'Roger_Maki2@gmail.com', NULL, 'irish', 'educational Psychology', 'whitworth Park', 'Hey, my name is Roger Maki, I am studying educational Psychology, and I am going to live at whitworth Park. Any fellow irishs want to meet up?', 0, '4', NULL),
(214, 'Peter_Soukup70', 'Peter', 'Soukup', '$2y$10$h4F9BmPMI11Bc6d9Jbme/uWgpe1x96dFbtBB32zje8M4NwJxuD18e', 'Peter_Soukup70@gmail.com', NULL, 'algerian', 'mechatronic Engineering', 'george Kenyon Hall', 'Hey, my name is Peter Soukup, I am studying mechatronic Engineering, and I am going to live at george Kenyon Hall. Any fellow algerians want to meet up?', 0, '4,12', NULL),
(215, 'Hal_Nugent52', 'Hal', 'Nugent', '$2y$10$16vh2Lg5Ct8iJcHvgaiKk.KvlX/2ONJUroB5DgpxgxNj.77YssN7G', 'Hal_Nugent52@gmail.com', NULL, 'uruguayan', 'international Business, Finance and Economic ', 'horniman House', 'Hey, my name is Hal Nugent, I am studying international Business, Finance and Economic , and I am going to live at horniman House. Any fellow uruguayans want to meet up?', 0, '1,16,11', NULL),
(216, 'Adam_Mccord77', 'Adam', 'Mccord', '$2y$10$fY7Z0LEB1sR2phPi75J6wOCqVRZLIrJegeHH8sN.1dXuynhaBocdy', 'Adam_Mccord77@gmail.com', NULL, 'moroccan', 'oral Health Science', 'denmark Road', 'Hey, my name is Adam Mccord, I am studying oral Health Science, and I am going to live at denmark Road. Any fellow moroccans want to meet up?', 0, '14,5,13', NULL),
(217, 'Tim_Kalleg71', 'Tim', 'Kalleg', '$2y$10$o6MbU5UufEnvK803zXEYme2rerLld8qhNzYouu.FbR6bVoXyA0vDy', 'Tim_Kalleg71@gmail.com', NULL, 'swazi', 'genetics', 'burkhardt House', 'Hey, my name is Tim Kalleg, I am studying genetics, and I am going to live at burkhardt House. Any fellow swazis want to meet up?', 0, '15,16,5,14', NULL),
(218, 'Aaron_Cast77', 'Aaron', 'Cast', '$2y$10$YAcGgJPa3mMSb2K5LhPEeuri3B9MrbxBVLrT.aM1WAgCGV6fK6i0W', 'Aaron_Cast77@gmail.com', NULL, 'yemenite', 'educational Psychology', 'wilmslow Park', 'Hey, my name is Aaron Cast, I am studying educational Psychology, and I am going to live at wilmslow Park. Any fellow yemenites want to meet up?', 0, '12,11,3,13,2', NULL),
(219, 'Dan_Ramachandran20', 'Dan', 'Ramachandran', '$2y$10$VH2GMMqrV7IZYeLWuQ8A7uOZXZGOBzYILIisQ3P7o4TQIQm/8WTQ2', 'Dan_Ramachandran20@gmail.com', NULL, 'rwandan', NULL, 'sheavyn House', 'Hey, my name is Dan Ramachandran, I am studying , and I am going to live at sheavyn House. Any fellow rwandans want to meet up?', 0, '12,8,7', NULL),
(220, 'Ike_Johnsen44', 'Ike', 'Johnsen', '$2y$10$kTFlteMDUDgohfXqNkxMVuomZhQUMeSabNzRA.7C6wPGzeOdOY6zK', 'Ike_Johnsen44@gmail.com', NULL, 'gambian', 'sociology', 'denmark Road', 'Hey, my name is Ike Johnsen, I am studying sociology, and I am going to live at denmark Road. Any fellow gambians want to meet up?', 0, '4', NULL),
(221, 'Monte_Rogers63', 'Monte', 'Rogers', '$2y$10$FXig5XJbmSj2M8LSyBIWRe7LehimD/gu4wGNIZxsB.M5hxskkEnb.', 'Monte_Rogers63@gmail.com', NULL, 'eritrean', 'finance Econ', 'st Anselm Hall', 'Hey, my name is Monte Rogers, I am studying finance Econ, and I am going to live at st Anselm Hall. Any fellow eritreans want to meet up?', 0, '7', NULL),
(222, 'Adam_Roberts34', 'Adam', 'Roberts', '$2y$10$qPHiumtcqB0xiFWLA9lZp.Iyn7VOTS50W1LrR9sWjawEFUPs2X3wm', 'Adam_Roberts34@gmail.com', NULL, 'fijian', 'politics, Philosophy and Economics', 'richmond Park', 'Hey, my name is Adam Roberts, I am studying politics, Philosophy and Economics, and I am going to live at richmond Park. Any fellow fijians want to meet up?', 0, '12,1,16', NULL),
(223, 'Aaron_Baxster46', 'Aaron', 'Baxster', '$2y$10$eFip3NjV2dScVPtUs3r.a.nGG77L5uXc9ywn2XfmfQIIl11UfOkhy', 'Aaron_Baxster46@gmail.com', NULL, 'pakistani', 'mechatronic Engineering', 'hulme Hall', 'Hey, my name is Aaron Baxster, I am studying mechatronic Engineering, and I am going to live at hulme Hall. Any fellow pakistanis want to meet up?', 0, '13,9,6,8', NULL),
(224, 'Steve_Ebner67', 'Steve', 'Ebner', '$2y$10$QEADxA3QfuT1k7iFDfYNfOcaaI0ghj4gfjr2rd02VM8fb24z.NO9u', 'Steve_Ebner67@gmail.com', NULL, 'kyrgyz', 'music and Drama', 'canterbury Court', 'Hey, my name is Steve Ebner, I am studying music and Drama, and I am going to live at canterbury Court. Any fellow kyrgyzs want to meet up?', 0, '13,1', NULL),
(225, 'Victor_Stahl87', 'Victor', 'Stahl', '$2y$10$P1vuyvzlH6v6ShtsjEvIGeVx9Sc92CTxbwMXAZpc8Yhlrz63fZiMG', 'Victor_Stahl87@gmail.com', NULL, 'emirian', 'immunology', 'whitworth Park', 'Hey, my name is Victor Stahl, I am studying immunology, and I am going to live at whitworth Park. Any fellow emirians want to meet up?', 0, '3', NULL),
(226, 'Paul_Ferro71', 'Paul', 'Ferro', '$2y$10$vOqHCAPj83bj/X.uII3NFe7UhhrpHkL.D6VYxBC6Da9feeifMMvYW', 'Paul_Ferro71@gmail.com', NULL, 'mexican', 'environmental Science', 'ashburne Hall', 'Hey, my name is Paul Ferro, I am studying environmental Science, and I am going to live at ashburne Hall. Any fellow mexicans want to meet up?', 0, '10,7,15', NULL),
(227, 'Adam_Dinkins93', 'Adam', 'Dinkins', '$2y$10$sjplPVGTgShJ3Myf6dS75OmFapJGDN6aXliujtaIkrtk4VnKOzEm.', 'Adam_Dinkins93@gmail.com', NULL, 'cambodian', 'speech and Language Therapy', 'woolton Hall', 'Hey, my name is Adam Dinkins, I am studying speech and Language Therapy, and I am going to live at woolton Hall. Any fellow cambodians want to meet up?', 0, '8,4,12', NULL),
(228, 'Roger_Jones78', 'Roger', 'Jones', '$2y$10$0gsvqALLB6rwQazb4CnMVOBEgEAXmVKdchTj.Hu/4nz/E1K77K9Ty', 'Roger_Jones78@gmail.com', NULL, 'malaysian', 'cell Biology', 'hulme Hall', 'Hey, my name is Roger Jones, I am studying cell Biology, and I am going to live at hulme Hall. Any fellow malaysians want to meet up?', 0, '4,2', NULL),
(229, 'Jack_Frick17', 'Jack', 'Frick', '$2y$10$OI4BEbtWCnfcKF3YhJCWaOBu8JCOgItZt8pC3jZlvib7RGvrfotCe', 'Jack_Frick17@gmail.com', NULL, 'costa rican', 'east Asian Studies', 'george Kenyon Hall', 'Hey, my name is Jack Frick, I am studying east Asian Studies, and I am going to live at george Kenyon Hall. Any fellow costa ricans want to meet up?', 0, '12,13,15', NULL),
(230, 'Steve_Cannon93', 'Steve', 'Cannon', '$2y$10$4ZQnc5CaEcODIPTjZSgtu.vIzShSClonCi42OvnqJNEd7wM1NM7lK', 'Steve_Cannon93@gmail.com', NULL, 'malian', 'biochemistry', 'whitworth Park', 'Hey, my name is Steve Cannon, I am studying biochemistry, and I am going to live at whitworth Park. Any fellow malians want to meet up?', 0, '8', NULL),
(231, 'Nathan_Ory81', 'Nathan', 'Ory', '$2y$10$dpv.uPnmlH/w4PRLEewOVOK0pD9tTfukcL7wysYmE9EnvuxuYyRuq', 'Nathan_Ory81@gmail.com', NULL, 'slovakian', 'genetics', 'woolton Hall', 'Hey, my name is Nathan Ory, I am studying genetics, and I am going to live at woolton Hall. Any fellow slovakians want to meet up?', 0, '15,5,3,1', NULL),
(232, 'Larry_Napier93', 'Larry', 'Napier', '$2y$10$Q9CvsLja.TF3PizJcSfaheBMV01ueW.7w9iufmKTHB0hZZjm8zd0S', 'Larry_Napier93@gmail.com', NULL, 'mosotho', 'computer Science', 'richmond Park', 'Hey, my name is Larry Napier, I am studying computer Science, and I am going to live at richmond Park. Any fellow mosothos want to meet up?', 0, '15,11,3', NULL),
(233, 'Aaron_Schwager83', 'Aaron', 'Schwager', '$2y$10$WgN6pmK7lXIsLIt70mobgeST.LMd/gzAxL75SVFLue9F30Qj7MDGi', 'Aaron_Schwager83@gmail.com', NULL, 'canadian', 'criminology', 'horniman House', 'Hey, my name is Aaron Schwager, I am studying criminology, and I am going to live at horniman House. Any fellow canadians want to meet up?', 0, '8,14,1', NULL),
(234, 'Steve_Vogal76', 'Steve', 'Vogal', '$2y$10$oWcMnZs0vewv62u77dP4Ye/2SkioFGbfaB6NkLTwsa283yLvRAKT2', 'Steve_Vogal76@gmail.com', NULL, 'tuvaluan', 'east Asian Studies', 'denmark Road', 'Hey, my name is Steve Vogal, I am studying east Asian Studies, and I am going to live at denmark Road. Any fellow tuvaluans want to meet up?', 0, '13,4,6', NULL),
(235, 'Peter_Sonderling39', 'Peter', 'Sonderling', '$2y$10$iz2atBefGbcnB8UK/PD9f.WzF4CQXIe91v1WLrv/8rlyaUFoYSTaG', 'Peter_Sonderling39@gmail.com', NULL, 'guyanese', 'adult Nursing', 'rusholme Place', 'Hey, my name is Peter Sonderling, I am studying adult Nursing, and I am going to live at rusholme Place. Any fellow guyaneses want to meet up?', 0, '15,3', NULL),
(236, 'Joe_Hesch74', 'Joe', 'Hesch', '$2y$10$NaqhmGaBsG0B8NWNiYgih.UDpyYfcUxgvQpZxD0g2HB2xoYTaumAW', 'Joe_Hesch74@gmail.com', NULL, 'costa rican', 'drama', 'brook Hall', 'Hey, my name is Joe Hesch, I am studying drama, and I am going to live at brook Hall. Any fellow costa ricans want to meet up?', 0, '13,7,11,1', NULL),
(237, 'Ike_Olson19', 'Ike', 'Olson', '$2y$10$4ee4xrhE8onlr/wNHrzVpOhdEKDigDEhmhvOHQLcsqZD9luRICTZO', 'Ike_Olson19@gmail.com', NULL, 'dominican', 'earth and Planetary Sciences', 'unsworth Park', 'Hey, my name is Ike Olson, I am studying earth and Planetary Sciences, and I am going to live at unsworth Park. Any fellow dominicans want to meet up?', 0, '2,9,10,12,15', NULL),
(238, 'Ty_Jagtap26', 'Ty', 'Jagtap', '$2y$10$D4qF/Pt803bd1/C155pJq.UskEZasm30mpP.8tzs4zBTcxorBW9fu', 'Ty_Jagtap26@gmail.com', NULL, 'mauritian', 'international Business, Finance and Economic ', 'george Kenyon Hall', 'Hey, my name is Ty Jagtap, I am studying international Business, Finance and Economic , and I am going to live at george Kenyon Hall. Any fellow mauritians want to meet up?', 0, '14,2', NULL),
(239, 'David_Boyd40', 'David', 'Boyd', '$2y$10$0Vc2svl.6bwx3HeCTpdV.eR.s.ufb7NsOL10CedQYuYHUeCkqIrG2', 'David_Boyd40@gmail.com', NULL, 'indonesian', 'optometry', 'weston Hall', 'Hey, my name is David Boyd, I am studying optometry, and I am going to live at weston Hall. Any fellow indonesians want to meet up?', 0, '9,11', NULL),
(240, 'Thomas_Martin58', 'Thomas', 'Martin', '$2y$10$.Zz9twRR4sWyOiVwYJDqH.fwWqjdyhf4ateqqTBPAXwx.L4PQUHdW', 'Thomas_Martin58@gmail.com', NULL, 'austrian', 'anatomical Sciences', 'denmark Road', 'Hey, my name is Thomas Martin, I am studying anatomical Sciences, and I am going to live at denmark Road. Any fellow austrians want to meet up?', 0, '2,13,7', NULL),
(241, 'Matthew_Doran68', 'Matthew', 'Doran', '$2y$10$PycA8A5WUoQsqDmp0uYGouqaP7iHs5FIUzAql/ModbvD9Rx7BIfii', 'Matthew_Doran68@gmail.com', NULL, 'belizean', 'english Literature', 'woolton Hall', 'Hey, my name is Matthew Doran, I am studying english Literature, and I am going to live at woolton Hall. Any fellow belizeans want to meet up?', 0, '8,3,10', NULL),
(242, 'Paul_Soukup59', 'Paul', 'Soukup', '$2y$10$ti7rj6YtKGxcm/RGYuscJehCdU7b8WOO24THXevE/5nQPspHBlPmK', 'Paul_Soukup59@gmail.com', NULL, 'rwandan', 'french Studies', 'sheavyn House', 'Hey, my name is Paul Soukup, I am studying french Studies, and I am going to live at sheavyn House. Any fellow rwandans want to meet up?', 0, '1,7', NULL),
(243, 'Paul_Norquist12', 'Paul', 'Norquist', '$2y$10$MSHw1XtY.SqRVTCCuy34Z.PIYjAdreLGHE7i8UucKlPVrm5fqhKfi', 'Paul_Norquist12@gmail.com', NULL, 'burmese', 'psychology', 'uttley House', 'Hey, my name is Paul Norquist, I am studying psychology, and I am going to live at uttley House. Any fellow burmeses want to meet up?', 0, '10,13', NULL),
(244, 'Roger_Ripka3', 'Roger', 'Ripka', '$2y$10$d2cHxYWsuiFpJ0znBOyoAuNjllHgjH.yj7/a6y1wpUimEgZnaC2xS', 'Roger_Ripka3@gmail.com', NULL, 'malaysian', 'comparative Religion and Social Anthropology', 'horniman House', 'Hey, my name is Roger Ripka, I am studying comparative Religion and Social Anthropology, and I am going to live at horniman House. Any fellow malaysians want to meet up?', 0, '10,15', NULL),
(245, 'Jack_Vader99', 'Jack', 'Vader', '$2y$10$iTqYG/VPYLP4xRgt9oSiguHX.6zCWKlacmnwmR73jwspDaTTfVi1G', 'Jack_Vader99@gmail.com', NULL, 'mongolian', 'modern History with Economics', 'oak House', 'Hey, my name is Jack Vader, I am studying modern History with Economics, and I am going to live at oak House. Any fellow mongolians want to meet up?', 0, '6,4', NULL),
(246, 'John_Weiss11', 'John', 'Weiss', '$2y$10$VokrbjCd5tIuQtIWdFMiVuc0LM2HGERDfk19BIC7opN5exZC.eRMC', 'John_Weiss11@gmail.com', NULL, 'italian', 'actuarial Science and Mathematics', 'wilmslow Park', 'Hey, my name is John Weiss, I am studying actuarial Science and Mathematics, and I am going to live at wilmslow Park. Any fellow italians want to meet up?', 0, '8,7,6,10', NULL),
(247, 'Aaron_Casal50', 'Aaron', 'Casal', '$2y$10$fs5g2jdb.G1R1uW000b3g.8chOabIvHjmXE2MW2/aTNXqRqsSpd1G', 'Aaron_Casal50@gmail.com', NULL, 'tunisian', 'philosophy', 'wilmslow Park', 'Hey, my name is Aaron Casal, I am studying philosophy, and I am going to live at wilmslow Park. Any fellow tunisians want to meet up?', 0, '8,9,16', NULL),
(248, 'Ike_Van Zandt97', 'Ike', 'Van Zandt', '$2y$10$ORCbCsfxkJMAfmnsh2bUn.aLlSfy8RltZ0Ub8mKP.9.8N8F88Ln.C', 'Ike_Van Zandt97@gmail.com', NULL, 'chinese', 'chemistry', 'dalton-Ellis Hall', 'Hey, my name is Ike Van Zandt, I am studying chemistry, and I am going to live at dalton-Ellis Hall. Any fellow chineses want to meet up?', 0, '6,3', NULL),
(249, 'George_Lulloff65', 'George', 'Lulloff', '$2y$10$bLxsp.b30FUytFeZapMwBucoGFdu.DqxMDtyzhZIMAC109w67TKXm', 'George_Lulloff65@gmail.com', NULL, 'palauan', 'educational Psychology', 'denmark Road', 'Hey, my name is George Lulloff, I am studying educational Psychology, and I am going to live at denmark Road. Any fellow palauans want to meet up?', 0, '7,11,2,4', NULL),
(250, 'Ty_Zeaser30', 'Ty', 'Zeaser', '$2y$10$AC2MjWlx3QKO0/Cr3ejP1ecChbhHQq5tDmEjAlc.EfHxNKrOUKjs6', 'Ty_Zeaser30@gmail.com', NULL, 'central african', 'psychology', 'ashburne Hall', 'Hey, my name is Ty Zeaser, I am studying psychology, and I am going to live at ashburne Hall. Any fellow central africans want to meet up?', 0, '2', NULL);

--
-- Indexes for dumped tables
--

--
-- Indexes for table `chat_log`
--
ALTER TABLE `chat_log`
  ADD PRIMARY KEY (`chat_id`),
  ADD KEY `user_id` (`user_id`),
  ADD KEY `topic_id` (`topic_id`) USING BTREE;

--
-- Indexes for table `topics`
--
ALTER TABLE `topics`
  ADD PRIMARY KEY (`topic_id`);

--
-- Indexes for table `user_info`
--
ALTER TABLE `user_info`
  ADD PRIMARY KEY (`user_id`),
  ADD UNIQUE KEY `username` (`username`);

--
-- AUTO_INCREMENT for dumped tables
--

--
-- AUTO_INCREMENT for table `chat_log`
--
ALTER TABLE `chat_log`
  MODIFY `chat_id` int NOT NULL AUTO_INCREMENT, AUTO_INCREMENT=14;

--
-- AUTO_INCREMENT for table `topics`
--
ALTER TABLE `topics`
  MODIFY `topic_id` int NOT NULL AUTO_INCREMENT, AUTO_INCREMENT=4;

--
-- AUTO_INCREMENT for table `user_info`
--
ALTER TABLE `user_info`
  MODIFY `user_id` int NOT NULL AUTO_INCREMENT, AUTO_INCREMENT=251;

--
-- Constraints for dumped tables
--

--
-- Constraints for table `chat_log`
--
ALTER TABLE `chat_log`
  ADD CONSTRAINT `fk_chat` FOREIGN KEY (`user_id`) REFERENCES `user_info` (`user_id`) ON DELETE CASCADE ON UPDATE CASCADE,
  ADD CONSTRAINT `fk_topic` FOREIGN KEY (`topic_id`) REFERENCES `topics` (`topic_id`) ON DELETE CASCADE ON UPDATE CASCADE;
COMMIT;

/*!40101 SET CHARACTER_SET_CLIENT=@OLD_CHARACTER_SET_CLIENT */;
/*!40101 SET CHARACTER_SET_RESULTS=@OLD_CHARACTER_SET_RESULTS */;
/*!40101 SET COLLATION_CONNECTION=@OLD_COLLATION_CONNECTION */;
